DATE,NASDAQ100
2/26/2007,1830.59
2/27/2007,1756.27
2/28/2007,1761.65
3/1/2007,1753.45
3/2/2007,1726.03
3/5/2007,1712.94
3/6/2007,1743.1
3/7/2007,1736.1
3/8/2007,1746.43
3/9/2007,1744.74
3/12/2007,1756.42
3/13/2007,1722.48
3/14/2007,1743.15
3/15/2007,1744.87
3/16/2007,1742.23
3/19/2007,1758.23
3/20/2007,1767.25
3/21/2007,1806.35
3/22/2007,1799.75
3/23/2007,1794.04
3/26/2007,1802.95
3/27/2007,1789.93
3/28/2007,1770.54
3/29/2007,1771.72
3/30/2007,1772.36
4/2/2007,1773.33
4/3/2007,1796.31
4/4/2007,1801.74
4/5/2007,1812.94
4/6/2007,1810.11
4/9/2007,1808.19
4/10/2007,1816.93
4/11/2007,1798.09
4/12/2007,1813.49
4/13/2007,1816.85
4/16/2007,1833.96
4/17/2007,1834.91
4/18/2007,1832.39
4/19/2007,1832.47
4/20/2007,1845.89
4/23/2007,1850.18
4/24/2007,1858.87
4/25/2007,1881.33
4/26/2007,1889.57
4/27/2007,1891.06
4/30/2007,1867.75
5/1/2007,1873.43
5/2/2007,1889.73
5/3/2007,1895.64
5/4/2007,1895.7
5/7/2007,1895.96
5/8/2007,1899.83
5/9/2007,1905.65
5/10/2007,1875.2
5/11/2007,1898.79
5/14/2007,1888.08
5/15/2007,1871.79
5/16/2007,1891.57
5/17/2007,1884.68
5/18/2007,1896.93
5/21/2007,1911.16
5/22/2007,1916.45
5/23/2007,1904.41
5/24/2007,1874.6
5/25/2007,1889.25
5/28/2007,.
5/29/2007,1899.79
5/30/2007,1918.08
5/31/2007,1928.19
6/1/2007,1928.26
6/4/2007,1933.73
6/5/2007,1932.35
6/6/2007,1914.85
6/7/2007,1882.17
6/8/2007,1906.26
6/11/2007,1901.96
6/12/2007,1890.67
6/13/2007,1913.87
6/14/2007,1924.54
6/15/2007,1942.41
6/18/2007,1944.37
6/19/2007,1941.75
6/20/2007,1922.12
6/21/2007,1941.32
6/22/2007,1921.94
6/25/2007,1912.9
6/26/2007,1908.64
6/27/2007,1933.06
6/28/2007,1931.67
6/29/2007,1934.1
7/2/2007,1954.12
7/3/2007,1965.2
7/4/2007,.
7/5/2007,1981.06
7/6/2007,1988.31
7/9/2007,1989.2
7/10/2007,1971.89
7/11/2007,1984.08
7/12/2007,2021.03
7/13/2007,2032.16
7/16/2007,2028.02
7/17/2007,2041.78
7/18/2007,2037.98
7/19/2007,2052.99
7/20/2007,2035.88
7/23/2007,2036.33
7/24/2007,2000.55
7/25/2007,2011.14
7/26/2007,1986.6
7/27/2007,1956.19
7/30/2007,1973.93
7/31/2007,1932.06
8/1/2007,1945.08
8/2/2007,1966.6
8/3/2007,1918.56
8/6/2007,1954.37
8/7/2007,1961.64
8/8/2007,1987.34
8/9/2007,1936.76
8/10/2007,1925.14
8/13/2007,1934.41
8/14/2007,1901.32
8/15/2007,1864.92
8/16/2007,1846.09
8/17/2007,1888.78
8/20/2007,1893.05
8/21/2007,1910.99
8/22/2007,1936.77
8/23/2007,1931.88
8/24/2007,1961.38
8/27/2007,1947.49
8/28/2007,1899.24
8/29/2007,1954.85
8/30/2007,1963.75
8/31/2007,1988.73
9/3/2007,.
9/4/2007,2020.51
9/5/2007,1994.38
9/6/2007,1998.67
9/7/2007,1958.35
9/10/2007,1960.2
9/11/2007,1988.98
9/12/2007,1988.96
9/13/2007,1998.63
9/14/2007,2000.82
9/17/2007,1983.08
9/18/2007,2035.37
9/19/2007,2041.36
9/20/2007,2032.61
9/21/2007,2049.48
9/24/2007,2057.25
9/25/2007,2076.83
9/26/2007,2088.38
9/27/2007,2096.39
9/28/2007,2091.11
10/1/2007,2116.97
10/2/2007,2115.89
10/3/2007,2103.01
10/4/2007,2105.56
10/5/2007,2149.67
10/8/2007,2163.26
10/9/2007,2171.21
10/10/2007,2176.98
10/11/2007,2140.92
10/12/2007,2177.99
10/15/2007,2158.92
10/16/2007,2151.14
10/17/2007,2179.14
10/18/2007,2187.52
10/19/2007,2131.08
10/22/2007,2157.45
10/23/2007,2205.18
10/24/2007,2188.59
10/25/2007,2161.52
10/26/2007,2194.59
10/29/2007,2203.42
10/30/2007,2207.61
10/31/2007,2238.98
11/1/2007,2197.07
11/2/2007,2213.86
11/5/2007,2200.48
11/6/2007,2223.97
11/7/2007,2169.43
11/8/2007,2106.16
11/9/2007,2034.3
11/12/2007,1982.16
11/13/2007,2066.08
11/14/2007,2038.05
11/15/2007,2024.03
11/16/2007,2048.62
11/19/2007,2021.14
11/20/2007,2029.94
11/21/2007,2006.38
11/22/2007,.
11/23/2007,2028.9
11/26/2007,1989.36
11/27/2007,2033.76
11/28/2007,.
11/29/2007,2102.42
11/30/2007,2089.1
12/3/2007,2067.45
12/4/2007,2059.06
12/5/2007,2099.31
12/6/2007,2127.65
12/7/2007,2130
12/10/2007,2134.88
12/11/2007,2083.72
12/12/2007,2101.36
12/13/2007,2094.68
12/14/2007,2072.11
12/17/2007,2020.8
12/18/2007,2029.49
12/19/2007,2031
12/20/2007,2069.68
12/21/2007,2111.77
12/24/2007,2128.62
12/25/2007,.
12/26/2007,2136.94
12/27/2007,2106.09
12/28/2007,2107.05
12/31/2007,2084.93
1/1/2008,.
1/2/2008,2049.71
1/3/2008,2051.76
1/4/2008,1963.52
1/7/2008,1957.44
1/8/2008,1910.33
1/9/2008,1949.2
1/10/2008,1953.64
1/11/2008,1912.81
1/14/2008,1949.15
1/15/2008,1894.09
1/16/2008,1872.29
1/17/2008,1842.1
1/18/2008,1844.09
1/21/2008,.
1/22/2008,1795.61
1/23/2008,1789.53
1/24/2008,1826.92
1/25/2008,1789.17
1/28/2008,1805.08
1/29/2008,1807.67
1/30/2008,1808.51
1/31/2008,1841.42
2/1/2008,1855.27
2/4/2008,1828.8
2/5/2008,1773.49
2/6/2008,1740.95
2/7/2008,1753.3
2/8/2008,1773.74
2/11/2008,1793.09
2/12/2008,1780.54
2/13/2008,1823
2/14/2008,1787.59
2/15/2008,1780.38
2/18/2008,.
2/19/2008,1764.81
2/20/2008,1787.45
2/21/2008,1766.3
2/22/2008,1773.44
2/25/2008,1785.46
2/26/2008,1791.31
2/27/2008,1799.94
2/28/2008,1794.46
2/29/2008,1745.27
3/3/2008,1733.27
3/4/2008,1743.7
3/5/2008,1753.57
3/6/2008,1712.5
3/7/2008,1707.5
3/10/2008,1673.03
3/11/2008,1740.95
3/12/2008,1735.18
3/13/2008,1750.4
3/14/2008,1713.83
3/17/2008,1687.19
3/18/2008,1761.05
3/19/2008,1715.59
3/20/2008,1751.99
3/21/2008,.
3/24/2008,1814.4
3/25/2008,1824.54
3/26/2008,1817.28
3/27/2008,1777.89
3/28/2008,1767.57
3/31/2008,1781.93
4/1/2008,1855.48
4/2/2008,1848.8
4/3/2008,1855.19
4/4/2008,1865.87
4/7/2008,1860.83
4/8/2008,1846.14
4/9/2008,1826.19
4/10/2008,1852.97
4/11/2008,1798.72
4/14/2008,1790.93
4/15/2008,1794.73
4/16/2008,1846.89
4/17/2008,1840.88
4/18/2008,1900.28
4/21/2008,1913.12
4/22/2008,1881.65
4/23/2008,1906.66
4/24/2008,1924.58
4/25/2008,1918.58
4/28/2008,1923.26
4/29/2008,1933.6
4/30/2008,1917.7
5/1/2008,1980.44
5/2/2008,1981.87
5/5/2008,1975.82
5/6/2008,1990.61
5/7/2008,1951.42
5/8/2008,1966.86
5/9/2008,1960.29
5/12/2008,1997.02
5/13/2008,2000.61
5/14/2008,1997.3
5/15/2008,2031.34
5/16/2008,2031.27
5/19/2008,2016.6
5/20/2008,2000.67
5/21/2008,1956.8
5/22/2008,1964.92
5/23/2008,1958.96
5/26/2008,.
5/27/2008,1995.44
5/28/2008,2000.07
5/29/2008,2019.02
5/30/2008,2032.57
6/2/2008,2006.84
6/3/2008,1996.79
6/4/2008,2021.45
6/5/2008,2055.11
6/6/2008,1990.39
6/9/2008,1979.71
6/10/2008,1972.54
6/11/2008,1924.33
6/12/2008,1924.26
6/13/2008,1966.01
6/16/2008,1984.76
6/17/2008,1972.82
6/18/2008,1951.1
6/19/2008,1982.69
6/20/2008,1928.39
6/23/2008,1913.31
6/24/2008,1903.74
6/25/2008,1933.86
6/26/2008,1855.39
6/27/2008,1855.72
6/30/2008,1837.09
7/1/2008,1862.71
7/2/2008,1816.15
7/3/2008,1816.35
7/4/2008,.
7/7/2008,1826.93
7/8/2008,1871.28
7/9/2008,1819.18
7/10/2008,1839.57
7/11/2008,1810.88
7/14/2008,1798.03
7/15/2008,1798.35
7/16/2008,1843.87
7/17/2008,1853.47
7/18/2008,1823.23
7/21/2008,1819.76
7/22/2008,1821.62
7/23/2008,1845.56
7/24/2008,1816.98
7/25/2008,1846.55
7/28/2008,1802.99
7/29/2008,1845.55
7/30/2008,1852.8
7/31/2008,1849.15
8/1/2008,1826.56
8/4/2008,1804.84
8/5/2008,1869.76
8/6/2008,1895.21
8/7/2008,1880.09
8/8/2008,1926.23
8/11/2008,1941.23
8/12/2008,1941.07
8/13/2008,1942.02
8/14/2008,1964.38
8/15/2008,1957.56
8/18/2008,1932.7
8/19/2008,1908.68
8/20/2008,1913.02
8/21/2008,1906.74
8/22/2008,1931.47
8/25/2008,1889.72
8/26/2008,1886.32
8/27/2008,1900.3
8/28/2008,1915.12
8/29/2008,1872.54
9/1/2008,.
9/2/2008,1850.14
9/3/2008,1833.09
9/4/2008,1774.78
9/5/2008,1768.23
9/8/2008,1762.95
9/9/2008,1721.55
9/10/2008,1738.07
9/11/2008,1773.65
9/12/2008,1767.13
9/15/2008,1705.46
9/16/2008,1724.08
9/17/2008,1632.45
9/18/2008,1697.42
9/19/2008,1745.06
9/22/2008,1665.94
9/23/2008,1648.4
9/24/2008,1661.33
9/25/2008,1687.55
9/26/2008,1672.04
9/29/2008,1496.15
9/30/2008,1584.6
10/1/2008,1563.8
10/2/2008,1491.11
10/3/2008,1470.84
10/6/2008,1411.28
10/7/2008,1329.01
10/8/2008,1330.01
10/9/2008,1275.1
10/10/2008,1269.8
10/13/2008,1429.54
10/14/2008,1364.59
10/15/2008,1244.23
10/16/2008,1312.97
10/17/2008,1311.72
10/20/2008,1352.76
10/21/2008,1283.43
10/22/2008,1237.09
10/23/2008,1239.16
10/24/2008,1202.27
10/27/2008,1169.78
10/28/2008,1297.57
10/29/2008,1302.12
10/30/2008,1333.94
10/31/2008,1334.78
11/3/2008,1334.75
11/4/2008,1378.4
11/5/2008,1299.98
11/6/2008,1241.97
11/7/2008,1271.62
11/10/2008,1251
11/11/2008,1225.59
11/12/2008,1165.38
11/13/2008,1240.93
11/14/2008,1179.63
11/17/2008,1151.96
11/18/2008,1155.75
11/19/2008,1087.6
11/20/2008,1036.51
11/21/2008,1085.57
11/24/2008,1154.34
11/25/2008,1142.58
11/26/2008,1193.09
11/27/2008,.
11/28/2008,1185.75
12/1/2008,1091.16
12/2/2008,1130
12/3/2008,1166.2
12/4/2008,1127.75
12/5/2008,1177.87
12/8/2008,1225.06
12/9/2008,1212.45
12/10/2008,1222.38
12/11/2008,1180.46
12/12/2008,1206.65
12/15/2008,1181.87
12/16/2008,1243.49
12/17/2008,1225.86
12/18/2008,1204.69
12/19/2008,1217.19
12/22/2008,1189.15
12/23/2008,1183.19
12/24/2008,1184.3
12/25/2008,.
12/26/2008,1185.44
12/29/2008,1173.15
12/30/2008,1201.34
12/31/2008,1211.65
1/1/2009,.
1/2/2009,1263.7
1/5/2009,1262.52
1/6/2009,1274.49
1/7/2009,1238.6
1/8/2009,1252.52
1/9/2009,1223.01
1/12/2009,1201.13
1/13/2009,1202.65
1/14/2009,1163.42
1/15/2009,1183.52
1/16/2009,1198.14
1/19/2009,.
1/20/2009,1136.61
1/21/2009,1185.76
1/22/2009,1168.08
1/23/2009,1175.89
1/26/2009,1184.56
1/27/2009,1194.41
1/28/2009,1235.91
1/29/2009,1203.85
1/30/2009,1180.25
2/2/2009,1195.75
2/3/2009,1215.66
2/4/2009,1215.43
2/5/2009,1245.11
2/6/2009,1277.49
2/9/2009,1281.65
2/10/2009,1229.29
2/11/2009,1227.05
2/12/2009,1242.81
2/13/2009,1236.85
2/16/2009,.
2/17/2009,1187.04
2/18/2009,1188.77
2/19/2009,1167.89
2/20/2009,1172.71
2/23/2009,1128.97
2/24/2009,1171.45
2/25/2009,1160.83
2/26/2009,1127.1
2/27/2009,1116.99
3/2/2009,1076.67
3/3/2009,1080.67
3/4/2009,1110.3
3/5/2009,1074.52
3/6/2009,1064.7
3/9/2009,1043.87
3/10/2009,1112.44
3/11/2009,1125.95
3/12/2009,1164.71
3/13/2009,1168.52
3/16/2009,1145.45
3/17/2009,1192.17
3/18/2009,1206.96
3/19/2009,1204.21
3/20/2009,1187.18
3/23/2009,1259.81
3/24/2009,1235.42
3/25/2009,1236.66
3/26/2009,1281.3
3/27/2009,1251.47
3/30/2009,1220.81
3/31/2009,1237.01
4/1/2009,1252.51
4/2/2009,1294.3
4/3/2009,1316.16
4/6/2009,1313.1
4/7/2009,1275.42
4/8/2009,1300.75
4/9/2009,1340.28
4/10/2009,.
4/13/2009,1336.67
4/14/2009,1322.31
4/15/2009,1316.51
4/16/2009,1352.98
4/17/2009,1353.92
4/20/2009,1309.37
4/21/2009,1329.06
4/22/2009,1335.72
4/23/2009,1344.41
4/24/2009,1373.28
4/27/2009,1369.94
4/28/2009,1361.92
4/29/2009,1382.38
4/30/2009,1394.33
5/1/2009,1396.62
5/4/2009,1427.96
5/5/2009,1423.81
5/6/2009,1423.85
5/7/2009,1389.83
5/8/2009,1394.16
5/11/2009,1395.79
5/12/2009,1377.4
5/13/2009,1339.83
5/14/2009,1359.67
5/15/2009,1355.11
5/18/2009,1392.73
5/19/2009,1398.05
5/20/2009,1393.72
5/21/2009,1367.39
5/22/2009,1363.17
5/25/2009,.
5/26/2009,1412.61
5/27/2009,1401.88
5/28/2009,1420.31
5/29/2009,1435.57
6/1/2009,1477.12
6/2/2009,1480.31
6/3/2009,1475.44
6/4/2009,1492.74
6/5/2009,1493.21
6/8/2009,1488.49
6/9/2009,1501.55
6/10/2009,1495.27
6/11/2009,1497.01
6/12/2009,1489.97
6/15/2009,1456.96
6/16/2009,1443.25
6/17/2009,1455.89
6/18/2009,1453.8
6/19/2009,1471.23
6/22/2009,1426.61
6/23/2009,1424.46
6/24/2009,1447.06
6/25/2009,1475.82
6/26/2009,1480.2
6/29/2009,1483.83
6/30/2009,1477.25
7/1/2009,1481.34
7/2/2009,1446.28
7/3/2009,.
7/6/2009,1441.01
7/7/2009,1404.78
7/8/2009,1411.53
7/9/2009,1414.98
7/10/2009,1419.84
7/13/2009,1447.7
7/14/2009,1452.84
7/15/2009,1500.98
7/16/2009,1518.87
7/17/2009,1527.26
7/20/2009,1544
7/21/2009,1553.01
7/22/2009,1565
7/23/2009,1601.52
7/24/2009,1599.06
7/27/2009,1599.31
7/28/2009,1605.47
7/29/2009,1599.61
7/30/2009,1609.87
7/31/2009,1603.36
8/3/2009,1628.12
8/4/2009,1628.49
8/5/2009,1614.44
8/6/2009,1600.29
8/7/2009,1619.49
8/10/2009,1610.43
8/11/2009,1594.69
8/12/2009,1619.59
8/13/2009,1628.65
8/14/2009,1611.58
8/17/2009,1564.89
8/18/2009,1586.5
8/19/2009,1596.61
8/20/2009,1614.22
8/21/2009,1637.78
8/24/2009,1634.78
8/25/2009,1639.9
8/26/2009,1637
8/27/2009,1640.97
8/28/2009,1643.24
8/31/2009,1625.19
9/1/2009,1595.84
9/2/2009,1594.28
9/3/2009,1605.98
9/4/2009,1638.07
9/7/2009,.
9/8/2009,1654.81
9/9/2009,1669.23
9/10/2009,1686.16
9/11/2009,1685.46
9/14/2009,1693.76
9/15/2009,1699.53
9/16/2009,1723.73
9/17/2009,1721.09
9/18/2009,1725.24
9/21/2009,1731.58
9/22/2009,1734.09
9/23/2009,1724.27
9/24/2009,1709.76
9/25/2009,1694.15
9/28/2009,1724.59
9/29/2009,1717.67
9/30/2009,1718.99
10/1/2009,1666.41
10/2/2009,1662.49
10/5/2009,1675.64
10/6/2009,1705.25
10/7/2009,1710.45
10/8/2009,1717.79
10/9/2009,1727.76
10/12/2009,1729.63
10/13/2009,1730.27
10/14/2009,1754.26
10/15/2009,1753.36
10/16/2009,1739.32
10/19/2009,1756.68
10/20/2009,1756.19
10/21/2009,1753.56
10/22/2009,1763.15
10/23/2009,1753.63
10/26/2009,1746.75
10/27/2009,1720.97
10/28/2009,1682.06
10/29/2009,1711.27
10/30/2009,1667.13
11/2/2009,1672.91
11/3/2009,1679.2
11/4/2009,1680.67
11/5/2009,1721.09
11/6/2009,1730.76
11/9/2009,1768.4
11/10/2009,1773.17
11/11/2009,1782.95
11/12/2009,1773.14
11/13/2009,1788.61
11/16/2009,1807.56
11/17/2009,1812.21
11/18/2009,1801.74
11/19/2009,1773.19
11/20/2009,1764.39
11/23/2009,1792.94
11/24/2009,1786.25
11/25/2009,1793.67
11/26/2009,.
11/27/2009,1765.46
11/30/2009,1767.43
12/1/2009,1787.71
12/2/2009,1790.82
12/3/2009,1782.91
12/4/2009,1791.91
12/7/2009,1783.65
12/8/2009,1772.73
12/9/2009,1789.7
12/10/2009,1799.37
12/11/2009,1792.06
12/14/2009,1809.09
12/15/2009,1798.21
12/16/2009,1800.82
12/17/2009,1778.27
12/18/2009,1807.36
12/21/2009,1828.79
12/22/2009,1839.51
12/23/2009,1851.99
12/24/2009,1869.84
12/25/2009,.
12/28/2009,1878.18
12/29/2009,1872.02
12/30/2009,1878.65
12/31/2009,1860.31
1/1/2010,.
1/4/2010,1886.7
1/5/2010,1888.43
1/6/2010,1878.42
1/7/2010,1876.72
1/8/2010,1892.59
1/11/2010,1886.24
1/12/2010,1861.79
1/13/2010,1886.13
1/14/2010,1886.52
1/15/2010,1864.52
1/18/2010,.
1/19/2010,1895.48
1/20/2010,1867.95
1/21/2010,1850.57
1/22/2010,1794.82
1/25/2010,1802.39
1/26/2010,1803.86
1/27/2010,1818.9
1/28/2010,1771.1
1/29/2010,1741.04
2/1/2010,1760.72
2/2/2010,1776.92
2/3/2010,1784.7
2/4/2010,1732.99
2/5/2010,1746.12
2/8/2010,1734.88
2/9/2010,1753.84
2/10/2010,1749.76
2/11/2010,1775.74
2/12/2010,1779.11
2/15/2010,.
2/16/2010,1802.06
2/17/2010,1810.86
2/18/2010,1823.39
2/19/2010,1823.32
2/22/2010,1817.63
2/23/2010,1793.82
2/24/2010,1812.51
2/25/2010,1812.91
2/26/2010,1818.68
3/1/2010,1846.4
3/2/2010,1851.21
3/3/2010,1851.57
3/4/2010,1859.72
3/5/2010,1888.56
3/8/2010,1890.89
3/9/2010,1901.38
3/10/2010,1917.35
3/11/2010,1923.81
3/12/2010,1924.43
3/15/2010,1920.09
3/16/2010,1932.24
3/17/2010,1936.22
3/18/2010,1943.94
3/19/2010,1932.43
3/22/2010,1949.59
3/23/2010,1963.2
3/24/2010,1951.84
3/25/2010,1949.15
3/26/2010,1952.63
3/29/2010,1961.22
3/30/2010,1967.96
3/31/2010,1958.34
4/1/2010,1959.56
4/2/2010,.
4/5/2010,1977.83
4/6/2010,1981.95
4/7/2010,1977.3
4/8/2010,1980.73
4/9/2010,1994.43
4/12/2010,1995.65
4/13/2010,2003.81
4/14/2010,2028.82
4/15/2010,2038.64
4/16/2010,2012.84
4/19/2010,2013.53
4/20/2010,2023.6
4/21/2010,2034.53
4/22/2010,2045.16
4/23/2010,2055.33
4/26/2010,2049.09
4/27/2010,2006.25
4/28/2010,2007.59
4/29/2010,2042.89
4/30/2010,2000.63
5/3/2010,2031.6
5/4/2010,1968.97
5/5/2010,1958.26
5/6/2010,1903.47
5/7/2010,1849.44
5/10/2010,1942.61
5/11/2010,1940.48
5/12/2010,1975.58
5/13/2010,1945.52
5/14/2010,1907.1
5/17/2010,1915.45
5/18/2010,1887.06
5/19/2010,1873.42
5/20/2010,1800.12
5/21/2010,1822.77
5/24/2010,1815.28
5/25/2010,1815.68
5/26/2010,1796.47
5/27/2010,1862.71
5/28/2010,1852.39
5/31/2010,.
6/1/2010,1835.04
6/2/2010,1879.59
6/3/2010,1895.66
6/4/2010,1832.04
6/7/2010,1798.16
6/8/2010,1795.7
6/9/2010,1778.92
6/10/2010,1830.09
6/11/2010,1847.15
6/14/2010,1845.48
6/15/2010,1897.48
6/16/2010,1905.31
6/17/2010,1910.65
6/18/2010,1913.48
6/21/2010,1895.84
6/22/2010,1880.54
6/23/2010,1874.42
6/24/2010,1844.59
6/25/2010,1838.52
6/28/2010,1836
6/29/2010,1764.06
6/30/2010,1739.14
7/1/2010,1734.41
7/2/2010,1728.34
7/5/2010,.
7/6/2010,1734.68
7/7/2010,1789.72
7/8/2010,1798.31
7/9/2010,1814.79
7/12/2010,1821.03
7/13/2010,1845.03
7/14/2010,1853.41
7/15/2010,1856.24
7/16/2010,1803.48
7/19/2010,1819.28
7/20/2010,1840.67
7/21/2010,1817.3
7/22/2010,1863.1
7/23/2010,1875.38
7/26/2010,1890.4
7/27/2010,1888.81
7/28/2010,1872.62
7/29/2010,1860.3
7/30/2010,1864
8/2/2010,1898.99
8/3/2010,1891.81
8/4/2010,1909.2
8/5/2010,1904.95
8/6/2010,1902.88
8/9/2010,1915.17
8/10/2010,1899.24
8/11/2010,1845.38
8/12/2010,1832.17
8/13/2010,1818.8
8/16/2010,1821.51
8/17/2010,1845.37
8/18/2010,1850.8
8/19/2010,1823
8/20/2010,1825.75
8/23/2010,1808.31
8/24/2010,1775.27
8/25/2010,1790.88
8/26/2010,1769.02
8/27/2010,1791.64
8/30/2010,1772.07
8/31/2010,1767.43
9/1/2010,1820.05
9/2/2010,1840.58
9/3/2010,1870.31
9/6/2010,.
9/7/2010,1856.5
9/8/2010,1880
9/9/2010,1886.14
9/10/2010,1892.34
9/13/2010,1921.67
9/14/2010,1928.59
9/15/2010,1939.6
9/16/2010,1948.11
9/17/2010,1955.83
9/20/2010,1989.43
9/21/2010,1989.11
9/22/2010,1982.76
9/23/2010,1982.15
9/24/2010,2023.84
9/27/2010,2010.99
9/28/2010,2012.43
9/29/2010,2009.08
9/30/2010,1998.04
10/1/2010,1996.6
10/4/2010,1975.33
10/5/2010,2024.63
10/6/2010,2006.52
10/7/2010,2011.63
10/8/2010,2027.03
10/11/2010,2026.98
10/12/2010,2041.55
10/13/2010,2057.25
10/14/2010,2054.51
10/15/2010,2097.73
10/18/2010,2104.15
10/19/2010,2069.73
10/20/2010,2085.75
10/21/2010,2090.1
10/22/2010,2104.21
10/25/2010,2113.55
10/26/2010,2119.05
10/27/2010,2125.88
10/28/2010,2129.73
10/29/2010,2124.45
11/1/2010,2128.42
11/2/2010,2151.72
11/3/2010,2158.36
11/4/2010,2187.8
11/5/2010,2186.71
11/8/2010,2188.94
11/9/2010,2176.88
11/10/2010,2187.74
11/11/2010,2173.11
11/12/2010,2137.95
11/15/2010,2131.48
11/16/2010,2093.63
11/17/2010,2100
11/18/2010,2134.77
11/19/2010,2135.27
11/22/2010,2150.86
11/23/2010,2116.61
11/24/2010,2160.52
11/25/2010,.
11/26/2010,2153.91
11/29/2010,2144.56
11/30/2010,2117.33
12/1/2010,2162.83
12/2/2010,2185.3
12/3/2010,2191.17
12/6/2010,2189.81
12/7/2010,2189.35
12/8/2010,2200.6
12/9/2010,2201.57
12/10/2010,2215.34
12/13/2010,2207.45
12/14/2010,2212.59
12/15/2010,2202.45
12/16/2010,2218.02
12/17/2010,2218.29
12/20/2010,2223.04
12/21/2010,2234.57
12/22/2010,2235.91
12/23/2010,2230.27
12/24/2010,.
12/27/2010,2229.86
12/28/2010,2227.42
12/29/2010,2231.64
12/30/2010,2225.72
12/31/2010,2217.86
1/3/2011,2254.23
1/4/2011,2251.46
1/5/2011,2270.4
1/6/2011,2277.51
1/7/2011,2276.7
1/10/2011,2284.38
1/11/2011,2288.73
1/12/2011,2304.88
1/13/2011,2305.53
1/14/2011,2323.43
1/17/2011,.
1/18/2011,2328.79
1/19/2011,2303.32
1/20/2011,2286.08
1/21/2011,2268.32
1/24/2011,2300.39
1/25/2011,2304.03
1/26/2011,2314.19
1/27/2011,2330.07
1/28/2011,2270.51
1/31/2011,2281.91
2/1/2011,2324.95
2/2/2011,2321.09
2/3/2011,2323.07
2/4/2011,2338.2
2/7/2011,2349.2
2/8/2011,2363.61
2/9/2011,2360.95
2/10/2011,2364.35
2/11/2011,2379.15
2/14/2011,2385.6
2/15/2011,2381.92
2/16/2011,2397.94
2/17/2011,2397.57
2/18/2011,2392.47
2/21/2011,.
2/22/2011,2322.86
2/23/2011,2300.94
2/24/2011,2313.31
2/25/2011,2346.29
2/28/2011,2350.99
3/1/2011,2315.26
3/2/2011,2326.77
3/3/2011,2371.76
3/4/2011,2359.96
3/7/2011,2328.07
3/8/2011,2337.55
3/9/2011,2322.69
3/10/2011,2284.29
3/11/2011,2299.26
3/14/2011,2290.72
3/15/2011,2259.62
3/16/2011,2202.97
3/17/2011,2225.24
3/18/2011,2221.07
3/21/2011,2262.7
3/22/2011,2257.96
3/23/2011,2270.5
3/24/2011,2312.09
3/25/2011,2316.36
3/28/2011,2303.1
3/29/2011,2325.54
3/30/2011,2336.52
3/31/2011,2338.99
4/1/2011,2342.92
4/4/2011,2334.54
4/5/2011,2327.87
4/6/2011,2332.34
4/7/2011,2332.88
4/8/2011,2321.18
4/11/2011,2314.5
4/12/2011,2298.3
4/13/2011,2316.63
4/14/2011,2311.25
4/15/2011,2307.58
4/18/2011,2292.34
4/19/2011,2306.77
4/20/2011,2357.76
4/21/2011,2377.3
4/22/2011,.
4/25/2011,2383.72
4/26/2011,2396.03
4/27/2011,2413.59
4/28/2011,2409.9
4/29/2011,2404.08
5/2/2011,2404.24
5/3/2011,2392.8
5/4/2011,2387.51
5/5/2011,2375.21
5/6/2011,2383.18
5/9/2011,2390.97
5/10/2011,2411.35
5/11/2011,2393.08
5/12/2011,2407.89
5/13/2011,2379.24
5/16/2011,2337.85
5/17/2011,2343.51
5/18/2011,2362.95
5/19/2011,2369.67
5/20/2011,2351.43
5/23/2011,2316.78
5/24/2011,2303.55
5/25/2011,2310.95
5/26/2011,2325.93
5/27/2011,2336.09
5/30/2011,.
5/31/2011,2372.54
6/1/2011,2322.48
6/2/2011,2326.7
6/3/2011,2292.31
6/6/2011,2274.48
6/7/2011,2268.96
6/8/2011,2252.89
6/9/2011,2256.65
6/10/2011,2221.09
6/13/2011,2222.28
6/14/2011,2250.34
6/15/2011,2209.01
6/16/2011,2199.93
6/17/2011,2192.96
6/20/2011,2204.36
6/21/2011,2251.82
6/22/2011,2235.75
6/23/2011,2255.05
6/24/2011,2217.06
6/27/2011,2252.24
6/28/2011,2285.75
6/29/2011,2294.43
6/30/2011,2325.07
7/1/2011,2361.39
7/4/2011,.
7/5/2011,2371.21
7/6/2011,2378.58
7/7/2011,2412.89
7/8/2011,2405.89
7/11/2011,2362
7/12/2011,2343.79
7/13/2011,2352.43
7/14/2011,2325.06
7/15/2011,2356.67
7/18/2011,2344.01
7/19/2011,2398.17
7/20/2011,2387.8
7/21/2011,2404.24
7/22/2011,2429.5
7/25/2011,2424.15
7/26/2011,2429.45
7/27/2011,2367.16
7/28/2011,2371.77
7/29/2011,2362.81
8/1/2011,2354.05
8/2/2011,2292.85
8/3/2011,2312.78
8/4/2011,2207.2
8/5/2011,2194.38
8/8/2011,2060.29
8/9/2011,2160.79
8/10/2011,2073.09
8/11/2011,2167.07
8/12/2011,2182.05
8/15/2011,2214.12
8/16/2011,2194.27
8/17/2011,2181.62
8/18/2011,2073.03
8/19/2011,2038.22
8/22/2011,2044.73
8/23/2011,2129.27
8/24/2011,2145.04
8/25/2011,2108.21
8/26/2011,2161.97
8/29/2011,2223.96
8/30/2011,2237.69
8/31/2011,2241.01
9/1/2011,2219.05
9/2/2011,2167.83
9/5/2011,.
9/6/2011,2167.6
9/7/2011,2223.75
9/8/2011,2214.29
9/9/2011,2163.66
9/12/2011,2191.84
9/13/2011,2220.58
9/14/2011,2252.75
9/15/2011,2286.56
9/16/2011,2306.09
9/19/2011,2308.76
9/20/2011,2295.89
9/21/2011,2258.3
9/22/2011,2184.59
9/23/2011,2206.86
9/26/2011,2234.28
9/27/2011,2253.55
9/28/2011,2220.84
9/29/2011,2197.68
9/30/2011,2139.18
10/3/2011,2085.04
10/4/2011,2129.21
10/5/2011,2182.77
10/6/2011,2217.99
10/7/2011,2202.76
10/10/2011,2278.65
10/11/2011,2294.92
10/12/2011,2307.18
10/13/2011,2326.88
10/14/2011,2371.94
10/17/2011,2334.38
10/18/2011,2364.87
10/19/2011,2316.81
10/20/2011,2306.29
10/21/2011,2335.93
10/24/2011,2384.42
10/25/2011,2335.87
10/26/2011,2334.79
10/27/2011,2399.83
10/28/2011,2401.29
10/31/2011,2360.08
11/1/2011,2298.37
11/2/2011,2318.32
11/3/2011,2367.71
11/4/2011,2356.32
11/7/2011,2371.04
11/8/2011,2400.01
11/9/2011,2314.1
11/10/2011,2312.07
11/11/2011,2355.78
11/14/2011,2341.32
11/15/2011,2366.24
11/16/2011,2324.37
11/17/2011,2272.09
11/18/2011,2253.95
11/21/2011,2211.14
11/22/2011,2216.33
11/23/2011,2166.54
11/24/2011,.
11/25/2011,2150.88
11/28/2011,2224.22
11/29/2011,2211.39
11/30/2011,2295.2
12/1/2011,2309.2
12/2/2011,2302.04
12/5/2011,2326.95
12/6/2011,2321.49
12/7/2011,2320.54
12/8/2011,2282.59
12/9/2011,2318.68
12/12/2011,2292.24
12/13/2011,2268.37
12/14/2011,2233.03
12/15/2011,2226.71
12/16/2011,2238.18
12/19/2011,2215.27
12/20/2011,2281.94
12/21/2011,2249.03
12/22/2011,2266.77
12/23/2011,2287.57
12/26/2011,.
12/27/2011,2293.12
12/28/2011,2267.08
12/29/2011,2285.07
12/30/2011,2277.83
1/2/2012,.
1/3/2012,2321.96
1/4/2012,2329.71
1/5/2012,2348.98
1/6/2012,2356.17
1/9/2012,2350.65
1/10/2012,2367.38
1/11/2012,2372.25
1/12/2012,2381.99
1/13/2012,2371.98
1/16/2012,.
1/17/2012,2393.24
1/18/2012,2425.96
1/19/2012,2441.7
1/20/2012,2437.02
1/23/2012,2437.22
1/24/2012,2433.96
1/25/2012,2465.66
1/26/2012,2454.63
1/27/2012,2461.77
1/30/2012,2465.32
1/31/2012,2467.95
2/1/2012,2488.18
2/2/2012,2495.83
2/3/2012,2529.17
2/6/2012,2528.3
2/7/2012,2532.06
2/8/2012,2545.72
2/9/2012,2563.93
2/10/2012,2547.32
2/13/2012,2569.49
2/14/2012,2575.24
2/15/2012,2556.01
2/16/2012,2592.29
2/17/2012,2584.24
2/20/2012,.
2/21/2012,2590.24
2/22/2012,2579.78
2/23/2012,2594.93
2/24/2012,2604.21
2/27/2012,2606.76
2/28/2012,2633.46
2/29/2012,2623.1
3/1/2012,2643.54
3/2/2012,2641.58
3/5/2012,2614.92
3/6/2012,2588.95
3/7/2012,2607.85
3/8/2012,2637.18
3/9/2012,2646.85
3/12/2012,2646.85
3/13/2012,2697.43
3/14/2012,2708.41
3/15/2012,2714.79
3/16/2012,2712.78
3/19/2012,2733.26
3/20/2012,2737.63
3/21/2012,2736.88
3/22/2012,2731.5
3/23/2012,2728.55
3/26/2012,2778.02
3/27/2012,2782.12
3/28/2012,2770.97
3/29/2012,2762.05
3/30/2012,2755.27
4/2/2012,2784.42
4/3/2012,2782.78
4/4/2012,2745
4/5/2012,2762.5
4/6/2012,.
4/9/2012,2739.98
4/10/2012,2695.12
4/11/2012,2708.13
4/12/2012,2740.26
4/13/2012,2698.99
4/16/2012,2670.1
4/17/2012,2723.58
4/18/2012,2716.14
4/19/2012,2686.82
4/20/2012,2676.04
4/23/2012,2653.5
4/24/2012,2638.73
4/25/2012,2709.62
4/26/2012,2725.23
4/27/2012,2741.34
4/30/2012,2723.68
5/1/2012,2726.92
5/2/2012,2734.77
5/3/2012,2704.59
5/4/2012,2637.92
5/7/2012,2639.28
5/8/2012,2629.87
5/9/2012,2621.35
5/10/2012,2616.24
5/11/2012,2615.98
5/14/2012,2590.28
5/15/2012,2580.75
5/16/2012,2561.56
5/17/2012,2509.05
5/18/2012,2478.53
5/21/2012,2545.43
5/22/2012,2539.2
5/23/2012,2547.08
5/24/2012,2531.35
5/25/2012,2527.05
5/28/2012,.
5/29/2012,2558.97
5/30/2012,2537.4
5/31/2012,2524.87
6/1/2012,2458.83
6/4/2012,2478.13
6/5/2012,2487.5
6/6/2012,2546.32
6/7/2012,2535.41
6/8/2012,2559.21
6/11/2012,2517.18
6/12/2012,2546.2
6/13/2012,2527.44
6/14/2012,2539.97
6/15/2012,2571.23
6/18/2012,2592.52
6/19/2012,2620.83
6/20/2012,2623.33
6/21/2012,2556.96
6/22/2012,2585.53
6/25/2012,2533.54
6/26/2012,2549.84
6/27/2012,2565.53
6/28/2012,2536.65
6/29/2012,2615.72
7/2/2012,2625.03
7/3/2012,2645.84
7/4/2012,.
7/5/2012,2647.47
7/6/2012,2612.29
7/9/2012,2610.31
7/10/2012,2585.52
7/11/2012,2570.99
7/12/2012,2545.3
7/13/2012,2584.97
7/16/2012,2577.05
7/17/2012,2591.65
7/18/2012,2625.87
7/19/2012,2655.81
7/20/2012,2618.04
7/23/2012,2589.93
7/24/2012,2567.46
7/25/2012,2549.2
7/26/2012,2584.85
7/27/2012,2647.03
7/30/2012,2642.12
7/31/2012,2642.53
8/1/2012,2635.13
8/2/2012,2625.52
8/3/2012,2676
8/6/2012,2694.09
8/7/2012,2717.16
8/8/2012,2714.02
8/9/2012,2719.61
8/10/2012,2722.96
8/13/2012,2728.68
8/14/2012,2727.79
8/15/2012,2735.47
8/16/2012,2768.09
8/17/2012,2780.3
8/20/2012,2784.33
8/21/2012,2772.2
8/22/2012,2783.42
8/23/2012,2762.02
8/24/2012,2778.05
8/27/2012,2782.55
8/28/2012,2782.69
8/29/2012,2784
8/30/2012,2753.74
8/31/2012,2772.24
9/3/2012,.
9/4/2012,2772.03
9/5/2012,2766.95
9/6/2012,2829.71
9/7/2012,2825.11
9/10/2012,2788.35
9/11/2012,2784.89
9/12/2012,2791.68
9/13/2012,2831.35
9/14/2012,2855.23
9/17/2012,2856.44
9/18/2012,2857.38
9/19/2012,2864.03
9/20/2012,2861.7
9/21/2012,2861.64
9/24/2012,2843.98
9/25/2012,2804.53
9/26/2012,2781.63
9/27/2012,2821.6
9/28/2012,2799.19
10/1/2012,2794.28
10/2/2012,2799.29
10/3/2012,2818.84
10/4/2012,2828.6
10/5/2012,2811.94
10/8/2012,2786.92
10/9/2012,2741.92
10/10/2012,2728.54
10/11/2012,2719.21
10/12/2012,2720.14
10/15/2012,2739.87
10/16/2012,2778.38
10/17/2012,2775.62
10/18/2012,2744.17
10/19/2012,2678.32
10/22/2012,2694.56
10/23/2012,2666.02
10/24/2012,2655.55
10/25/2012,2657.66
10/26/2012,2665.83
10/29/2012,.
10/30/2012,.
10/31/2012,2647.92
11/1/2012,2687.52
11/2/2012,2656.28
11/5/2012,2672.91
11/6/2012,2681.05
11/7/2012,2612.69
11/8/2012,2572.57
11/9/2012,2584.1
11/12/2012,2582.77
11/13/2012,2561.86
11/14/2012,2531.87
11/15/2012,2524.36
11/16/2012,2534.16
11/19/2012,2595.83
11/20/2012,2594.66
11/21/2012,2600.48
11/22/2012,.
11/23/2012,2639.59
11/26/2012,2651.67
11/27/2012,2641.42
11/28/2012,2665.27
11/29/2012,2680.03
11/30/2012,2677.88
12/3/2012,2671.84
12/4/2012,2667.89
12/5/2012,2637.89
12/6/2012,2656.3
12/7/2012,2640.54
12/10/2012,2647.57
12/11/2012,2682.07
12/12/2012,2674.57
12/13/2012,2654.01
12/14/2012,2628.09
12/17/2012,2664.26
12/18/2012,2705.39
12/19/2012,2690.99
12/20/2012,2693.55
12/21/2012,2664.67
12/24/2012,2658.05
12/25/2012,.
12/26/2012,2637.18
12/27/2012,2632.94
12/28/2012,2606.36
12/31/2012,2660.93
1/1/2013,.
1/2/2013,2746.47
1/3/2013,2732.26
1/4/2013,2724.49
1/7/2013,2724.22
1/8/2013,2718.72
1/9/2013,2727.65
1/10/2013,2744.18
1/11/2013,2748.26
1/14/2013,2735.7
1/15/2013,2722.98
1/16/2013,2734.73
1/17/2013,2747.15
1/18/2013,2743.24
1/21/2013,.
1/22/2013,2746.19
1/23/2013,2762.17
1/24/2013,2723.53
1/25/2013,2736.73
1/28/2013,2742.43
1/29/2013,2743.58
1/30/2013,2738.71
1/31/2013,2731.53
2/1/2013,2763.96
2/4/2013,2715.68
2/5/2013,2754.99
2/6/2013,2746.35
2/7/2013,2746.5
2/8/2013,2775.56
2/11/2013,2774.64
2/12/2013,2762.62
2/13/2013,2773.77
2/14/2013,2771.43
2/15/2013,2764.67
2/18/2013,.
2/19/2013,2782.86
2/20/2013,2739.99
2/21/2013,2711.51
2/22/2013,2737.28
2/25/2013,2700.97
2/26/2013,2713.02
2/27/2013,2741.26
2/28/2013,2738.58
3/1/2013,2747.75
3/4/2013,2759.53
3/5/2013,2799.25
3/6/2013,2792.56
3/7/2013,2799.49
3/8/2013,2804.11
3/11/2013,2811.86
3/12/2013,2800.81
3/13/2013,2798.68
3/14/2013,2807.3
3/15/2013,2799.41
3/18/2013,2792.3
3/19/2013,2787.27
3/20/2013,2805.91
3/21/2013,2774.85
3/22/2013,2800.81
3/25/2013,2789.45
3/26/2013,2806.5
3/27/2013,2809.98
3/28/2013,2818.69
3/29/2013,.
4/1/2013,2797.07
4/2/2013,2820.62
4/3/2013,2795.04
4/4/2013,2794.92
4/5/2013,2771.75
4/8/2013,2786.13
4/9/2013,2804.67
4/10/2013,2859.21
4/11/2013,2859.07
4/12/2013,2856.48
4/15/2013,2797.47
4/16/2013,2838.41
4/17/2013,2781.98
4/18/2013,2741.95
4/19/2013,2780.46
4/22/2013,2810.07
4/23/2013,2835.37
4/24/2013,2834.12
4/25/2013,2848.66
4/26/2013,2840.55
4/29/2013,2866.95
4/30/2013,2887.44
5/1/2013,2873.35
5/2/2013,2911.14
5/3/2013,2944.59
5/6/2013,2955.36
5/7/2013,2952.88
5/8/2013,2968.24
5/9/2013,2961.12
5/10/2013,2981.02
5/13/2013,2982.09
5/14/2013,2996.05
5/15/2013,3002.62
5/16/2013,2999.34
5/17/2013,3028.96
5/20/2013,3020.97
5/21/2013,3026.45
5/22/2013,2999.13
5/23/2013,2991.45
5/24/2013,2991.02
5/27/2013,.
5/28/2013,3011.94
5/29/2013,2994.82
5/30/2013,3011.83
5/31/2013,2981.76
6/3/2013,2990.79
6/4/2013,2973.69
6/5/2013,2937.14
6/6/2013,2950.3
6/7/2013,2990.87
6/10/2013,2990.49
6/11/2013,2959.84
6/12/2013,2926.14
6/13/2013,2962.9
6/14/2013,2943.86
6/17/2013,2971.26
6/18/2013,2996.09
6/19/2013,2959.5
6/20/2013,2890.33
6/21/2013,2877.94
6/24/2013,2848.2
6/25/2013,2866.5
6/26/2013,2893.85
6/27/2013,2906.84
6/28/2013,2909.6
7/1/2013,2927.35
7/2/2013,2929.63
7/3/2013,2941.41
7/4/2013,.
7/5/2013,2963.22
7/8/2013,2966.13
7/9/2013,2984.32
7/10/2013,3000.66
7/11/2013,3059.46
7/12/2013,3079.07
7/15/2013,3079.85
7/16/2013,3077.47
7/17/2013,3085.28
7/18/2013,3077.82
7/19/2013,3044.93
7/22/2013,3055.23
7/23/2013,3031.4
7/24/2013,3041.16
7/25/2013,3061.67
7/26/2013,3076.23
7/29/2013,3068.95
7/30/2013,3085.33
7/31/2013,3090.19
8/1/2013,3126.3
8/2/2013,3143.52
8/5/2013,3143.19
8/6/2013,3122.2
8/7/2013,3118.69
8/8/2013,3130.12
8/9/2013,3118.57
8/12/2013,3125.92
8/13/2013,3141.06
8/14/2013,3129.45
8/15/2013,3076.23
8/16/2013,3073.91
8/19/2013,3069.76
8/20/2013,3082.17
8/21/2013,3071.47
8/22/2013,3101.82
8/23/2013,3124.27
8/26/2013,3122.67
8/27/2013,3059.58
8/28/2013,3072.17
8/29/2013,3093.36
8/30/2013,3073.81
9/2/2013,.
9/3/2013,3091.76
9/4/2013,3124.54
9/5/2013,3129.94
9/6/2013,3133.38
9/9/2013,3169.93
9/10/2013,3185.07
9/11/2013,3179.86
9/12/2013,3175.57
9/13/2013,3178.27
9/16/2013,3168.69
9/17/2013,3190.83
9/18/2013,3231.31
9/19/2013,3237.61
9/20/2013,3224.73
9/23/2013,3219.34
9/24/2013,3218.66
9/25/2013,3208.55
9/26/2013,3234.04
9/27/2013,3230.31
9/30/2013,3218.2
10/1/2013,3253.05
10/2/2013,3253.26
10/3/2013,3213.83
10/4/2013,3242.57
10/7/2013,3215.69
10/8/2013,3153.87
10/9/2013,3142.54
10/10/2013,3210.84
10/11/2013,3233.83
10/14/2013,3256.02
10/15/2013,3244.66
10/16/2013,3281.67
10/17/2013,3301.28
10/18/2013,3353.88
10/21/2013,3361.18
10/22/2013,3366.93
10/23/2013,3346.05
10/24/2013,3362.37
10/25/2013,3383.83
10/28/2013,3382.68
10/29/2013,3391.75
10/30/2013,3385.38
10/31/2013,3377.73
11/1/2013,3379.76
11/4/2013,3384.75
11/5/2013,3388.82
11/6/2013,3385.38
11/7/2013,3321.41
11/8/2013,3366.84
11/11/2013,3362.98
11/12/2013,3365.23
11/13/2013,3405.56
11/14/2013,3415.14
11/15/2013,3422.58
11/18/2013,3388.87
11/19/2013,3378.13
11/20/2013,3367.17
11/21/2013,3402.73
11/22/2013,3422.02
11/25/2013,3427.49
11/26/2013,3445.76
11/27/2013,3470.48
11/28/2013,.
11/29/2013,3487.82
12/2/2013,3481.15
12/3/2013,3479.34
12/4/2013,3483.01
12/5/2013,3477.73
12/6/2013,3504.26
12/9/2013,3516.17
12/10/2013,3514.2
12/11/2013,3468.99
12/12/2013,3460.29
12/13/2013,3456.4
12/16/2013,3475.79
12/17/2013,3469.32
12/18/2013,3509.63
12/19/2013,3498.63
12/20/2013,3531.19
12/23/2013,3569.4
12/24/2013,3572.8
12/25/2013,.
12/26/2013,3584.58
12/27/2013,3574.02
12/30/2013,3570.08
12/31/2013,3592
1/1/2014,.
1/2/2014,3563.57
1/3/2014,3538.73
1/6/2014,3526.96
1/7/2014,3557.85
1/8/2014,3567.54
1/9/2014,3552.58
1/10/2014,3565.08
1/13/2014,3512.8
1/14/2014,3580.65
1/15/2014,3609.84
1/16/2014,3611.29
1/17/2014,3591.25
1/20/2014,.
1/21/2014,3617.7
1/22/2014,3627.72
1/23/2014,3613.76
1/24/2014,3541.48
1/27/2014,3509.02
1/28/2014,3505.72
1/29/2014,3467.82
1/30/2014,3532.41
1/31/2014,3521.92
2/3/2014,3440.5
2/4/2014,3470.2
2/5/2014,3454.9
2/6/2014,3497.6
2/7/2014,3561.91
2/10/2014,3582.11
2/11/2014,3621.72
2/12/2014,3627.36
2/13/2014,3659.56
2/14/2014,3663.88
2/17/2014,.
2/18/2014,3679.43
2/19/2014,3652.85
2/20/2014,3671.93
2/21/2014,3662.6
2/24/2014,3685.81
2/25/2014,3679.14
2/26/2014,3676.6
2/27/2014,3699.8
2/28/2014,3696.1
3/3/2014,3668.37
3/4/2014,3719.93
3/5/2014,3727.19
3/6/2014,3720.93
3/7/2014,3703.4
3/10/2014,3706.34
3/11/2014,3691.5
3/12/2014,3707.06
3/13/2014,3651.49
3/14/2014,3627.87
3/17/2014,3662.51
3/18/2014,3706.62
3/19/2014,3682.73
3/20/2014,3693.97
3/21/2014,3653.07
3/24/2014,3617.39
3/25/2014,3629.73
3/26/2014,3582.89
3/27/2014,3563.13
3/28/2014,3571.48
3/31/2014,3595.74
4/1/2014,3658.4
4/2/2014,3665.99
4/3/2014,3637.58
4/4/2014,3539.38
4/7/2014,3507.75
4/8/2014,3538.23
4/9/2014,3600.44
4/10/2014,3487.76
4/11/2014,3446.85
4/14/2014,3474.63
4/15/2014,3487.85
4/16/2014,3533.09
4/17/2014,3534.53
4/18/2014,.
4/21/2014,3559.95
4/22/2014,3588.8
4/23/2014,3557.04
4/24/2014,3591.03
4/25/2014,3533.1
4/28/2014,3545.03
4/29/2014,3573.99
4/30/2014,3582.02
5/1/2014,3594.36
5/2/2014,3587.64
5/5/2014,3605.09
5/6/2014,3556.51
5/7/2014,3546.47
5/8/2014,3540.42
5/9/2014,3555.7
5/12/2014,3612.73
5/13/2014,3611.13
5/14/2014,3593.25
5/15/2014,3565.17
5/16/2014,3587.2
5/19/2014,3615.62
5/20/2014,3600.31
5/21/2014,3635.61
5/22/2014,3650.86
5/23/2014,3677.33
5/26/2014,.
5/27/2014,3723.06
5/28/2014,3712.26
5/29/2014,3735.72
5/30/2014,3736.82
6/2/2014,3732.96
6/3/2014,3730.07
6/4/2014,3743.59
6/5/2014,3776.95
6/6/2014,3794.57
6/9/2014,3795.74
6/10/2014,3800.86
6/11/2014,3797.85
6/12/2014,3763.8
6/13/2014,3775.56
6/16/2014,3779.93
6/17/2014,3781.32
6/18/2014,3804.61
6/19/2014,3800.8
6/20/2014,3802.64
6/23/2014,3805.31
6/24/2014,3799.53
6/25/2014,3827.33
6/26/2014,3826.91
6/27/2014,3844.44
6/30/2014,3849.48
7/1/2014,3894.33
7/2/2014,3899.27
7/3/2014,3923.01
7/4/2014,.
7/7/2014,3910.71
7/8/2014,3864.07
7/9/2014,3892.91
7/10/2014,3880.04
7/11/2014,3904.58
7/14/2014,3929.46
7/15/2014,3914.45
7/16/2014,3932.33
7/17/2014,3878.01
7/18/2014,3939.89
7/21/2014,3934.14
7/22/2014,3961.62
7/23/2014,3986.19
7/24/2014,3983.19
7/25/2014,3965.16
7/28/2014,3967.24
7/29/2014,3959.03
7/30/2014,3976.07
7/31/2014,3892.5
8/1/2014,3879.67
8/4/2014,3908.77
8/5/2014,3874.94
8/6/2014,3874.27
8/7/2014,3857.94
8/8/2014,3888.09
8/11/2014,3910.46
8/12/2014,3905.22
8/13/2014,3949.2
8/14/2014,3969.11
8/15/2014,3987.51
8/18/2014,4020.5
8/19/2014,4040.13
8/20/2014,4040.7
8/21/2014,4047.03
8/22/2014,4052.75
8/25/2014,4067.48
8/26/2014,4071.67
8/27/2014,4073.18
8/28/2014,4066.27
8/29/2014,4082.56
9/1/2014,.
9/2/2014,4095.81
9/3/2014,4070.96
9/4/2014,4066.13
9/5/2014,4089.92
9/8/2014,4095.47
9/9/2014,4061.88
9/10/2014,4094.97
9/11/2014,4092.65
9/12/2014,4069.23
9/15/2014,4029.89
9/16/2014,4067.27
9/17/2014,4073.57
9/18/2014,4103.08
9/19/2014,4100.09
9/22/2014,4061.23
9/23/2014,4051.57
9/24/2014,4094.31
9/25/2014,4007.82
9/26/2014,4053.72
9/29/2014,4047.18
9/30/2014,4049.44
10/1/2014,3984.74
10/2/2014,3985.87
10/3/2014,4027.31
10/6/2014,4016.27
10/7/2014,3958.59
10/8/2014,4041.12
10/9/2014,3969.32
10/10/2014,3870.86
10/13/2014,3808
10/14/2014,3810.45
10/15/2014,3785.97
10/16/2014,3765.28
10/17/2014,3815.47
10/20/2014,3870.08
10/21/2014,3971.39
10/22/2014,3949.59
10/23/2014,4012.27
10/24/2014,4042.02
10/27/2014,4046.02
10/28/2014,4106.63
10/29/2014,4090.55
10/30/2014,4100.64
10/31/2014,4158.21
11/3/2014,4169.28
11/4/2014,4156.23
11/5/2014,4153.27
11/6/2014,4164.08
11/7/2014,4160.51
11/10/2014,4175.95
11/11/2014,4187.16
11/12/2014,4195.4
11/13/2014,4213.49
11/14/2014,4224.99
11/17/2014,4213.79
11/18/2014,4242.19
11/19/2014,4222.66
11/20/2014,4242.09
11/21/2014,4251.32
11/24/2014,4284.32
11/25/2014,4288.23
11/26/2014,4317.99
11/27/2014,.
11/28/2014,4337.78
12/1/2014,4287.81
12/2/2014,4305.96
12/3/2014,4312.93
12/4/2014,4311.93
12/5/2014,4311.57
12/8/2014,4278.34
12/9/2014,4294.67
12/10/2014,4224.87
12/11/2014,4246.48
12/12/2014,4199.28
12/15/2014,4157.42
12/16/2014,4089.6
12/17/2014,4165.1
12/18/2014,4267.77
12/19/2014,4281.78
12/22/2014,4293.67
12/23/2014,4279.3
12/24/2014,4283.1
12/25/2014,.
12/26/2014,4314.09
12/29/2014,4312.64
12/30/2014,4282.35
12/31/2014,4236.28
1/1/2015,.
1/2/2015,4230.24
1/5/2015,4160.96
1/6/2015,4110.83
1/7/2015,4160
1/8/2015,4240.55
1/9/2015,4213.28
1/12/2015,4169.97
1/13/2015,4166.2
1/14/2015,4145.84
1/15/2015,4089.65
1/16/2015,4142.14
1/19/2015,.
1/20/2015,4171.21
1/21/2015,4192.09
1/22/2015,4270.36
1/23/2015,4278.14
1/26/2015,4275.72
1/27/2015,4165.5
1/28/2015,4140.38
1/29/2015,4181.35
1/30/2015,4148.43
2/2/2015,4188.59
2/3/2015,4229.15
2/4/2015,4221.2
2/5/2015,4256.18
2/6/2015,4228.68
2/9/2015,4216.09
2/10/2015,4281.16
2/11/2015,4296.43
2/12/2015,4347.97
2/13/2015,4384.03
2/16/2015,.
2/17/2015,4385.34
2/18/2015,4390.91
2/19/2015,4411.86
2/20/2015,4443.05
2/23/2015,4449.49
2/24/2015,4451.03
2/25/2015,4440.59
2/26/2015,4462.27
2/27/2015,4440.67
3/2/2015,4483.05
3/3/2015,4458.78
3/4/2015,4445.36
3/5/2015,4452.06
3/6/2015,4399.23
3/9/2015,4412.99
3/10/2015,4329.08
3/11/2015,4305.38
3/12/2015,4336.23
3/13/2015,4314.9
3/16/2015,4370.47
3/17/2015,4375.63
3/18/2015,4422.5
3/19/2015,4426.82
3/20/2015,4458.54
3/23/2015,4445.54
3/24/2015,4430.99
3/25/2015,4329.29
3/26/2015,4315.26
3/27/2015,4332.86
3/30/2015,4382.82
3/31/2015,4333.69
4/1/2015,4311.26
4/2/2015,4316.01
4/3/2015,.
4/6/2015,4350.98
4/7/2015,4344.08
4/8/2015,4375.96
4/9/2015,4403.95
4/10/2015,4422.02
4/13/2015,4409.21
4/14/2015,4397.65
4/15/2015,4424.53
4/16/2015,4418.83
4/17/2015,4351.8
4/20/2015,4417.4
4/21/2015,4435.98
4/22/2015,4460.81
4/23/2015,4477.07
4/24/2015,4536.78
4/27/2015,4525.04
4/28/2015,4515.27
4/29/2015,4488.15
4/30/2015,4414.25
5/1/2015,4479.06
5/4/2015,4482.61
5/5/2015,4409.39
5/6/2015,4379.75
5/7/2015,4401.55
5/8/2015,4458.65
5/11/2015,4438.64
5/12/2015,4420.65
5/13/2015,4426.56
5/14/2015,4495.04
5/15/2015,4494.29
5/18/2015,4512.95
5/19/2015,4503.72
5/20/2015,4505.3
5/21/2015,4529.47
5/22/2015,4527.16
5/25/2015,.
5/26/2015,4472.96
5/27/2015,4546.06
5/28/2015,4535.66
5/29/2015,4508.25
6/1/2015,4521.85
6/2/2015,4508.89
6/3/2015,4519.86
6/4/2015,4487.03
6/5/2015,4477.19
6/8/2015,4431.51
6/9/2015,4427.61
6/10/2015,4485.46
6/11/2015,4488.47
6/12/2015,4453.79
6/15/2015,4432.92
6/16/2015,4455.9
6/17/2015,4468.98
6/18/2015,4531.85
6/19/2015,4513.42
6/22/2015,4544.04
6/23/2015,4548.74
6/24/2015,4524.6
6/25/2015,4514.01
6/26/2015,4484.28
6/29/2015,4379.86
6/30/2015,4396.76
7/1/2015,4429.23
7/2/2015,4433.39
7/3/2015,.
7/6/2015,4418.66
7/7/2015,4429.06
7/8/2015,4351.58
7/9/2015,4352.03
7/10/2015,4420.15
7/13/2015,4494.47
7/14/2015,4523.47
7/15/2015,4528.36
7/16/2015,4594.9
7/17/2015,4661.6
7/20/2015,4679.68
7/21/2015,4674.41
7/22/2015,4623.24
7/23/2015,4602.83
7/24/2015,4557.37
7/27/2015,4519.09
7/28/2015,4560.23
7/29/2015,4581.6
7/30/2015,4598.59
7/31/2015,4588.91
8/3/2015,4580.46
8/4/2015,4567.47
8/5/2015,4602.24
8/6/2015,4528.51
8/7/2015,4520.08
8/10/2015,4573.11
8/11/2015,4513.99
8/12/2015,4528.19
8/13/2015,4519.32
8/14/2015,4530.74
8/17/2015,4566.37
8/18/2015,4542.07
8/19/2015,4510.9
8/20/2015,4385.13
8/21/2015,4197.27
8/24/2015,4038.6
8/25/2015,4016.32
8/26/2015,4219.6
8/27/2015,4324.82
8/28/2015,4329.12
8/31/2015,4274.58
9/1/2015,4142.63
9/2/2015,4256.23
9/3/2015,4234.65
9/4/2015,4184.72
9/7/2015,.
9/8/2015,4303.53
9/9/2015,4253.45
9/10/2015,4296.3
9/11/2015,4323.23
9/14/2015,4308.76
9/15/2015,4360.28
9/16/2015,4383.67
9/17/2015,4384.96
9/18/2015,4323.86
9/21/2015,4336.13
9/22/2015,4274.1
9/23/2015,4273.53
9/24/2015,4261.1
9/25/2015,4224.74
9/28/2015,4103.47
9/29/2015,4083.37
9/30/2015,4181.06
10/1/2015,4192.96
10/2/2015,4267.45
10/5/2015,4331.43
10/6/2015,4306.7
10/7/2015,4333.46
10/8/2015,4350.15
10/9/2015,4370.01
10/12/2015,4382.56
10/13/2015,4352.94
10/14/2015,4346.92
10/15/2015,4418.22
10/16/2015,4438.62
10/19/2015,4462.07
10/20/2015,4438.18
10/21/2015,4413.52
10/22/2015,4503.22
10/23/2015,4624.09
10/26/2015,4630.85
10/27/2015,4639.23
10/28/2015,4678.58
10/29/2015,4670.77
10/30/2015,4648.83
11/2/2015,4703.92
11/3/2015,4719.05
11/4/2015,4717.55
11/5/2015,4702.9
11/6/2015,4707.23
11/9/2015,4655.52
11/10/2015,4641.73
11/11/2015,4636.94
11/12/2015,4588.93
11/13/2015,4502.14
11/16/2015,4565.47
11/17/2015,4565.82
11/18/2015,4653.44
11/19/2015,4655.35
11/20/2015,4686.36
11/23/2015,4674.79
11/24/2015,4669.41
11/25/2015,4672.88
11/26/2015,.
11/27/2015,4680.47
11/30/2015,4664.51
12/1/2015,4716.16
12/2/2015,4686.22
12/3/2015,4606.75
12/4/2015,4716.12
12/7/2015,4693.62
12/8/2015,4694.77
12/9/2015,4622.14
12/10/2015,4643.05
12/11/2015,4537.56
12/14/2015,4570.16
12/15/2015,4597.33
12/16/2015,4664.56
12/17/2015,4598.14
12/18/2015,4514.83
12/21/2015,4560.55
12/22/2015,4589.26
12/23/2015,4624.59
12/24/2015,4622.77
12/25/2015,.
12/28/2015,4621.35
12/29/2015,4691.08
12/30/2015,4652.01
12/31/2015,4593.27
1/1/2016,.
1/4/2016,4497.86
1/5/2016,4484.18
1/6/2016,4443.99
1/7/2016,4305.72
1/8/2016,4270.78
1/11/2016,4283.55
1/12/2016,4333.72
1/13/2016,4183.12
1/14/2016,4272.97
1/15/2016,4141.08
1/18/2016,.
1/19/2016,4147.07
1/20/2016,4136.28
1/21/2016,4142.6
1/22/2016,4259.77
1/25/2016,4196.53
1/26/2016,4233.85
1/27/2016,4128.86
1/28/2016,4186.06
1/29/2016,4279.17
2/1/2016,4286.56
2/2/2016,4193.1
2/3/2016,4171.97
2/4/2016,4167.77
2/5/2016,4024.47
2/8/2016,3960.67
2/9/2016,3947.8
2/10/2016,3966.28
2/11/2016,3962.22
2/12/2016,4019.19
2/15/2016,.
2/16/2016,4104.33
2/17/2016,4199.1
2/18/2016,4151.49
2/19/2016,4164.09
2/22/2016,4231.27
2/23/2016,4162.54
2/24/2016,4200.66
2/25/2016,4241.06
2/26/2016,4235.62
2/29/2016,4201.12
3/1/2016,4333.61
3/2/2016,4334.39
3/3/2016,4325.86
3/4/2016,4329
3/7/2016,4303.33
3/8/2016,4265.51
3/9/2016,4293.23
3/10/2016,4286.97
3/11/2016,4361.83
3/14/2016,4367.33
3/15/2016,4367.08
3/16/2016,4404.2
3/17/2016,4400.26
3/18/2016,4410.83
3/21/2016,4426.98
3/22/2016,4437.62
3/23/2016,4402.56
3/24/2016,4405.53
3/25/2016,.
3/28/2016,4398.07
3/29/2016,4467.72
3/30/2016,4490.88
3/31/2016,4483.66
4/1/2016,4532.08
4/4/2016,4511.7
4/5/2016,4470.75
4/6/2016,4543.78
4/7/2016,4475.29
4/8/2016,4474.93
4/11/2016,4458.71
4/12/2016,4496.04
4/13/2016,4554.72
4/14/2016,4554.62
4/15/2016,4543.16
4/18/2016,4569.31
4/19/2016,4537.09
4/20/2016,4540.44
4/21/2016,4540.8
4/22/2016,4474.19
4/25/2016,4474.13
4/26/2016,4452.97
4/27/2016,4416.63
4/28/2016,4363.99
4/29/2016,4341.3
5/2/2016,4381.3
5/3/2016,4341.39
5/4/2016,4312.01
5/5/2016,4309.48
5/6/2016,4330.17
5/9/2016,4341.23
5/10/2016,4402.04
5/11/2016,4361.03
5/12/2016,4342.81
5/13/2016,4326.53
5/16/2016,4380.48
5/17/2016,4322.56
5/18/2016,4338.23
5/19/2016,4315.58
5/20/2016,4362.9
5/23/2016,4355.1
5/24/2016,4444.3
5/25/2016,4476.43
5/26/2016,4487.96
5/27/2016,4512.54
5/30/2016,.
5/31/2016,4523.89
6/1/2016,4520.07
6/2/2016,4531.35
6/3/2016,4509.79
6/6/2016,4523.63
6/7/2016,4513.09
6/8/2016,4520.63
6/9/2016,4512.69
6/10/2016,4461.05
6/13/2016,4422.76
6/14/2016,4424.91
6/15/2016,4409.51
6/16/2016,4424.23
6/17/2016,4374.38
6/20/2016,4400.16
6/21/2016,4413.4
6/22/2016,4404.73
6/23/2016,4467.48
6/24/2016,4285.7
6/27/2016,4201.05
6/28/2016,4290.47
6/29/2016,4364.74
6/30/2016,4417.7
7/1/2016,4437.44
7/4/2016,.
7/5/2016,4410.75
7/6/2016,4444.7
7/7/2016,4459.58
7/8/2016,4528.36
7/11/2016,4554.71
7/12/2016,4577.61
7/13/2016,4565.77
7/14/2016,4596.49
7/15/2016,4589.83
7/18/2016,4619.68
7/19/2016,4603.28
7/20/2016,4657.2
7/21/2016,4647.02
7/22/2016,4666.07
7/25/2016,4665.93
7/26/2016,4672.11
7/27/2016,4702.88
7/28/2016,4721.41
7/29/2016,4730.23
8/1/2016,4756.04
8/2/2016,4719.21
8/3/2016,4734.33
8/4/2016,4743.81
8/5/2016,4791.21
8/8/2016,4784.74
8/9/2016,4795.75
8/10/2016,4783.39
8/11/2016,4803.31
8/12/2016,4807.08
8/15/2016,4827.12
8/16/2016,4797.19
8/17/2016,4805.45
8/18/2016,4808.68
8/19/2016,4806.14
8/22/2016,4808.56
8/23/2016,4818.48
8/24/2016,4783.49
8/25/2016,4775.43
8/26/2016,4783.69
8/29/2016,4791.09
8/30/2016,4776
8/31/2016,4771.05
9/1/2016,4783.94
9/2/2016,4798.74
9/5/2016,.
9/6/2016,4829.51
9/7/2016,4831.86
9/8/2016,4804
9/9/2016,4681.54
9/12/2016,4764.65
9/13/2016,4722.84
9/14/2016,4746.06
9/15/2016,4819.9
9/16/2016,4818.05
9/19/2016,4796.07
9/20/2016,4805.22
9/21/2016,4853.75
9/22/2016,4891.36
9/23/2016,4858.91
9/26/2016,4817.17
9/27/2016,4866.71
9/28/2016,4875.27
9/29/2016,4838.3
9/30/2016,4875.7
10/3/2016,4866.62
10/4/2016,4859.47
10/5/2016,4877.75
10/6/2016,4873.92
10/7/2016,4864.52
10/10/2016,4893.77
10/11/2016,4821.91
10/12/2016,4819.63
10/13/2016,4803.1
10/14/2016,4808.48
10/17/2016,4796.17
10/18/2016,4839.72
10/19/2016,4836.61
10/20/2016,4832.71
10/21/2016,4851.86
10/24/2016,4909.97
10/25/2016,4891.45
10/26/2016,4860.59
10/27/2016,4836.45
10/28/2016,4805.59
10/31/2016,4801.27
11/1/2016,4766.94
11/2/2016,4726.91
11/3/2016,4679.1
11/4/2016,4660.46
11/7/2016,4773.73
11/8/2016,4804.92
11/9/2016,4825.18
11/10/2016,4747.03
11/11/2016,4751.95
11/14/2016,4702.04
11/15/2016,4764.47
11/16/2016,4792.27
11/17/2016,4826.59
11/18/2016,4808.04
11/21/2016,4859
11/22/2016,4873.84
11/23/2016,4853.86
11/24/2016,.
11/25/2016,4870.02
11/28/2016,4857.02
11/29/2016,4873.21
11/30/2016,4810.81
12/1/2016,4734.1
12/2/2016,4739.37
12/5/2016,4778.14
12/6/2016,4788.67
12/7/2016,4851.94
12/8/2016,4859.19
12/9/2016,4895.9
12/12/2016,4874.3
12/13/2016,4935.84
12/14/2016,4921.22
12/15/2016,4933.41
12/16/2016,4914.86
12/19/2016,4934.85
12/20/2016,4953.8
12/21/2016,4948.9
12/22/2016,4934.39
12/23/2016,4940.02
12/26/2016,.
12/27/2016,4965.81
12/28/2016,4926.29
12/29/2016,4918.28
12/30/2016,4863.62
1/2/2017,.
1/3/2017,4911.33
1/4/2017,4937.21
1/5/2017,4964.95
1/6/2017,5007.08
1/9/2017,5024.9
1/10/2017,5035.17
1/11/2017,5050.21
1/12/2017,5041.43
1/13/2017,5059.51
1/16/2017,.
1/17/2017,5044.65
1/18/2017,5055.85
1/19/2017,5051.17
1/20/2017,5063.2
1/23/2017,5065.7
1/24/2017,5101.06
1/25/2017,5151.47
1/26/2017,5156.92
1/27/2017,5168.06
1/30/2017,5129.33
1/31/2017,5116.77
2/1/2017,5152.69
2/2/2017,5147.7
2/3/2017,5161.6
2/6/2017,5167.96
2/7/2017,5185.88
2/8/2017,5196.58
2/9/2017,5212.16
2/10/2017,5226.69
2/13/2017,5256.82
2/14/2017,5271.07
2/15/2017,5302.39
2/16/2017,5300.64
2/17/2017,5324.72
2/20/2017,.
2/21/2017,5350.73
2/22/2017,5352.13
2/23/2017,5332.37
2/24/2017,5343.31
2/27/2017,5347.55
2/28/2017,5330.31
3/1/2017,5390.99
3/2/2017,5363.26
3/3/2017,5373.48
3/6/2017,5360.31
3/7/2017,5351.28
3/8/2017,5359.8
3/9/2017,5363.98
3/10/2017,5385.9
3/13/2017,5394.57
3/14/2017,5382.17
3/15/2017,5416.25
3/16/2017,5412.08
3/17/2017,5408.76
3/20/2017,5413.31
3/21/2017,5332.53
3/22/2017,5367.56
3/23/2017,5355.14
3/24/2017,5364
3/27/2017,5374.27
3/28/2017,5407.21
3/29/2017,5430.27
3/30/2017,5439.74
3/31/2017,5436.23
4/3/2017,5432.2
4/4/2017,5440.41
4/5/2017,5418.52
4/6/2017,5420.88
4/7/2017,5418.37
4/10/2017,5421.68
4/11/2017,5398.4
4/12/2017,5377.03
4/13/2017,5353.59
4/14/2017,.
4/17/2017,5399.2
4/18/2017,5391.66
4/19/2017,5399.64
4/20/2017,5443.53
4/21/2017,5442.05
4/24/2017,5508.03
4/25/2017,5548.19
4/26/2017,5541.09
4/27/2017,5571.28
4/28/2017,5583.53
5/1/2017,5629.63
5/2/2017,5644.07
5/3/2017,5625.16
5/4/2017,5626.32
5/5/2017,5646.09
5/8/2017,5659.07
5/9/2017,5678.31
5/10/2017,5681.68
5/11/2017,5674.22
5/12/2017,5686.81
5/15/2017,5704.48
5/16/2017,5724.44
5/17/2017,5580.55
5/18/2017,5626.31
5/19/2017,5651.56
5/22/2017,5699.4
5/23/2017,5703.35
5/24/2017,5730.3
5/25/2017,5778.37
5/26/2017,5788.36
5/29/2017,.
5/30/2017,5794.63
5/31/2017,5788.8
6/1/2017,5816.51
6/2/2017,5881.46
6/5/2017,5878.12
6/6/2017,5856.77
6/7/2017,5877.59
6/8/2017,5885.3
6/9/2017,5741.94
6/12/2017,5708.18
6/13/2017,5751.82
6/14/2017,5727.07
6/15/2017,5700.89
6/16/2017,5681.48
6/19/2017,5772.22
6/20/2017,5726.31
6/21/2017,5782.39
6/22/2017,5779.87
6/23/2017,5803.11
6/26/2017,5777.59
6/27/2017,5671.6
6/28/2017,5753.03
6/29/2017,5653.02
6/30/2017,5646.92
7/3/2017,5596.96
7/4/2017,.
7/5/2017,5648.82
7/6/2017,5597.9
7/7/2017,5656.47
7/10/2017,5694.15
7/11/2017,5709.8
7/12/2017,5778.95
7/13/2017,5793.36
7/14/2017,5838.08
7/17/2017,5839.74
7/18/2017,5880.1
7/19/2017,5916.16
7/20/2017,5921.22
7/21/2017,5921.52
7/24/2017,5941.37
7/25/2017,5930.65
7/26/2017,5950.73
7/27/2017,5917.03
7/28/2017,5908.92
7/31/2017,5880.33
8/1/2017,5895.17
8/2/2017,5914.23
8/3/2017,5891.2
8/4/2017,5899.91
8/7/2017,5934.73
8/8/2017,5926.35
8/9/2017,5919.39
8/10/2017,5788.19
8/11/2017,5831.53
8/14/2017,5908.17
8/15/2017,5907.73
8/16/2017,5917.42
8/17/2017,5796.32
8/18/2017,5790.91
8/21/2017,5786.54
8/22/2017,5873.33
8/23/2017,5851.78
8/24/2017,5834.44
8/25/2017,5822.53
8/28/2017,5838.08
8/29/2017,5862.14
8/30/2017,5932.9
8/31/2017,5988.6
9/1/2017,5987.9
9/4/2017,.
9/5/2017,5932.73
9/6/2017,5951.13
9/7/2017,5964.31
9/8/2017,5913.37
9/11/2017,5980.53
9/12/2017,5995.64
9/13/2017,6004.38
9/14/2017,5968.82
9/15/2017,5988
9/18/2017,5981.12
9/19/2017,5991.08
9/20/2017,5973.6
9/21/2017,5934.91
9/22/2017,5932.32
9/25/2017,5867.35
9/26/2017,5881.34
9/27/2017,5937.79
9/28/2017,5933.07
9/29/2017,5979.3
10/2/2017,5981.92
10/3/2017,5995.06
10/4/2017,5998.84
10/5/2017,6057.14
10/6/2017,6064.57
10/9/2017,6058.53
10/10/2017,6063.52
10/11/2017,6081.25
10/12/2017,6069.99
10/13/2017,6092.45
10/16/2017,6114.53
10/17/2017,6122.61
10/18/2017,6114.35
10/19/2017,6092.62
10/20/2017,6108.82
10/23/2017,6067.83
10/24/2017,6080.22
10/25/2017,6055.04
10/26/2017,6037.87
10/27/2017,6213.47
10/30/2017,6227.59
10/31/2017,6248.56
11/1/2017,6248.65
11/2/2017,6236.39
11/3/2017,6295.58
11/6/2017,6313.61
11/7/2017,6320.78
11/8/2017,6345.81
11/9/2017,6312.21
11/10/2017,6309.07
11/13/2017,6316.18
11/14/2017,6293.64
11/15/2017,6258.36
11/16/2017,6339.14
11/17/2017,6314.51
11/20/2017,6308.61
11/21/2017,6378.63
11/22/2017,6386.12
11/23/2017,.
11/24/2017,6409.29
11/27/2017,6405.97
11/28/2017,6422.56
11/29/2017,6311.38
11/30/2017,6365.56
12/1/2017,6337.87
12/4/2017,6263.7
12/5/2017,6265.11
12/6/2017,6293.05
12/7/2017,6316.28
12/8/2017,6344.57
12/11/2017,6393.89
12/12/2017,6383.65
12/13/2017,6394.67
12/14/2017,6389.91
12/15/2017,6466.32
12/18/2017,6513.27
12/19/2017,6480.67
12/20/2017,6472.48
12/21/2017,6472.69
12/22/2017,6465.17
12/25/2017,.
12/26/2017,6433.16
12/27/2017,6435.15
12/28/2017,6441.42
12/29/2017,6396.42
1/1/2018,.
1/2/2018,6511.34
1/3/2018,6575.8
1/4/2018,6584.58
1/5/2018,6653.29
1/8/2018,6676.63
1/9/2018,6677.94
1/10/2018,6662.66
1/11/2018,6708.49
1/12/2018,6758.54
1/15/2018,.
1/16/2018,6737.14
1/17/2018,6810.28
1/18/2018,6811.38
1/19/2018,6834.33
1/22/2018,6906.28
1/23/2018,6963.46
1/24/2018,6919.35
1/25/2018,6916.3
1/26/2018,7022.97
1/29/2018,6988.32
1/30/2018,6930.73
1/31/2018,6949.99
2/1/2018,6901.5
2/2/2018,6760.29
2/5/2018,6495.92
2/6/2018,6665.98
2/7/2018,6582.02
2/8/2018,6306.1
2/9/2018,6412.68
2/12/2018,6523.85
2/13/2018,6553.86
2/14/2018,6675.03
2/15/2018,6794.92
2/16/2018,6770.66
2/19/2018,.
2/20/2018,6779.69
2/21/2018,6759.26
2/22/2018,6761.85
2/23/2018,6896.6
2/26/2018,6989.1
2/27/2018,6900.35
2/28/2018,6854.42
3/1/2018,6750.54
3/2/2018,6811.04
3/5/2018,6881.28
3/6/2018,6913.02
3/7/2018,6929.39
3/8/2018,6966.43
3/9/2018,7101.18
3/12/2018,7131.12
3/13/2018,7046.51
3/14/2018,7040.98
3/15/2018,7030.97
3/16/2018,7019.95
3/19/2018,6864.88
3/20/2018,6885.92
3/21/2018,6853.45
3/22/2018,6682.26
3/23/2018,6508.09
3/26/2018,6753.83
3/27/2018,6529.84
3/28/2018,6460.81
3/29/2018,6581.13
3/30/2018,.
4/2/2018,6390.84
4/3/2018,6458.83
4/4/2018,6560.059
4/5/2018,6594.84
4/6/2018,6433.215
4/9/2018,6472.344
4/10/2018,6615.871
4/11/2018,6583.445
4/12/2018,6656.254
4/13/2018,6628.344
4/16/2018,6675.18
4/17/2018,6816.367
4/18/2018,6833.211
4/19/2018,6774.887
4/20/2018,6667.75
4/23/2018,6648.805
4/24/2018,6509.047
4/25/2018,6513.941
4/26/2018,6649.652
4/27/2018,6656.352
4/30/2018,6605.57
5/1/2018,6681.961
5/2/2018,6644.477
5/3/2018,6643.48
5/4/2018,6769.117
5/7/2018,6821.875
5/8/2018,6815.484
5/9/2018,6893.215
5/10/2018,6963.547
5/11/2018,6952.563
5/14/2018,6964.371
5/15/2018,6888.535
5/16/2018,6929.965
5/17/2018,6901.633
5/18/2018,6866.254
5/21/2018,6905.531
5/22/2018,6893.621
5/23/2018,6953.629
5/24/2018,6949.699
5/25/2018,6960.918
5/28/2018,.
5/29/2018,6926.543
5/30/2018,6976.367
5/31/2018,6967.73
6/1/2018,7083.926
6/4/2018,7143.57
6/5/2018,7166.754
6/6/2018,7210.082
6/7/2018,7152.832
6/8/2018,7152.621
6/11/2018,7168.48
6/12/2018,7209.184
6/13/2018,7205.254
6/14/2018,7279.594
6/15/2018,7255.754
6/18/2018,7251.406
6/19/2018,7228.043
6/20/2018,7280.703
6/21/2018,7217.488
6/22/2018,7197.512
6/25/2018,7038.172
6/26/2018,7068.195
6/27/2018,6969.672
6/28/2018,7031.605
6/29/2018,7040.801
7/2/2018,7097.82
7/3/2018,7014.555
7/4/2018,.
7/5/2018,7101.047
7/6/2018,7207.332
7/9/2018,7276
7/10/2018,7282.598
7/11/2018,7243.98
7/12/2018,7366.25
7/13/2018,7375.816
7/16/2018,7357.898
7/17/2018,7403.891
7/18/2018,7390.125
7/19/2018,7352.359
7/20/2018,7350.227
7/23/2018,7371.781
7/24/2018,7406.246
7/25/2018,7508.586
7/26/2018,7400.75
7/27/2018,7296.781
7/30/2018,7193.102
7/31/2018,7231.984
8/1/2018,7272.887
8/2/2018,7372.148
8/3/2018,7395.488
8/6/2018,7438.996
8/7/2018,7462.652
8/8/2018,7469.547
8/9/2018,7466.961
8/10/2018,7408.305
8/13/2018,7401.168
8/14/2018,7447.168
8/15/2018,7354.66
8/16/2018,7374.293
8/17/2018,7377.543
8/20/2018,7371.418
8/21/2018,7397.227
8/22/2018,7424.594
8/23/2018,7413.84
8/24/2018,7485.402
8/27/2018,7559.133
8/28/2018,7570.246
8/29/2018,7660.18
8/30/2018,7642.668
8/31/2018,7654.555
9/3/2018,.
9/4/2018,7622.324
9/5/2018,7523.258
9/6/2018,7453.168
9/7/2018,7430.262
9/10/2018,7447.676
9/11/2018,7507.871
9/12/2018,7488.066
9/13/2018,7561.688
9/14/2018,7545.496
9/17/2018,7434.73
9/18/2018,7494.398
9/19/2018,7490.324
9/20/2018,7569.035
9/21/2018,7531.07
9/24/2018,7548.75
9/25/2018,7563.195
9/26/2018,7563.086
9/27/2018,7629.574
9/28/2018,7627.648
10/1/2018,7645.453
10/2/2018,7628.277
10/3/2018,7637.426
10/4/2018,7490.004
10/5/2018,7399.008
10/8/2018,7352.824
10/9/2018,7371.617
10/10/2018,7044.496
10/11/2018,6964.027
10/12/2018,7157.207
10/15/2018,7068.672
10/16/2018,7276.426
10/17/2018,7278.633
10/18/2018,7116.09
10/19/2018,7107.234
10/22/2018,7141.211
10/23/2018,7118.676
10/24/2018,6789.156
10/25/2018,7016.391
10/26/2018,6852.406
10/29/2018,6713.902
10/30/2018,6810.121
10/31/2018,6967.094
11/1/2018,7069.172
11/2/2018,6965.293
11/5/2018,6937.09
11/6/2018,6988.848
11/7/2018,7203.133
11/8/2018,7158.59
11/9/2018,7039.148
11/12/2018,6829.098
11/13/2018,6830.906
11/14/2018,6769.871
11/15/2018,6890.445
11/16/2018,6867.016
11/19/2018,6642.918
11/20/2018,6526.965
11/21/2018,6575.664
11/22/2018,.
11/23/2018,6527.348
11/26/2018,6678.34
11/27/2018,6701.035
11/28/2018,6913.324
11/29/2018,6892.398
11/30/2018,6949.016
12/3/2018,7062.133
12/4/2018,6795.215
12/5/2018,.
12/6/2018,6838.852
12/7/2018,6613.273
12/10/2018,6682.742
12/11/2018,6704.238
12/12/2018,6763.957
12/13/2018,6767.973
12/14/2018,6594.965
12/17/2018,6448.387
12/18/2018,6491.516
12/19/2018,6342.969
12/20/2018,6243.195
12/21/2018,6046.555
12/24/2018,5899.355
12/25/2018,.
12/26/2018,6262.766
12/27/2018,6288.301
12/28/2018,6285.266
12/31/2018,6329.965
1/1/2019,.
1/2/2019,6360.871
1/3/2019,6147.129
1/4/2019,6422.672
1/7/2019,6488.254
1/8/2019,6551.848
1/9/2019,6600.695
1/10/2019,6620.941
1/11/2019,6601.395
1/14/2019,6541.039
1/15/2019,6669.637
1/16/2019,6668.563
1/17/2019,6718.453
1/18/2019,6784.609
1/21/2019,.
1/22/2019,6646.813
1/23/2019,6658.762
1/24/2019,6702.547
1/25/2019,6787.371
1/28/2019,6697.086
1/29/2019,6632.793
1/30/2019,6807.91
1/31/2019,6906.84
2/1/2019,6875.52
2/4/2019,6959.957
2/5/2019,7023.52
2/6/2019,6997.621
2/7/2019,6904.98
2/8/2019,6913.129
2/11/2019,6909.184
2/12/2019,7014.668
2/13/2019,7015.875
2/14/2019,7022.418
2/15/2019,7055.18
2/18/2019,.
2/19/2019,7066.613
2/20/2019,7062.34
2/21/2019,7035.164
2/22/2019,7090.625
2/25/2019,7115.426
2/26/2019,7123.215
2/27/2019,7117.004
2/28/2019,7097.527
3/1/2019,7151.57
3/4/2019,7150.832
3/5/2019,7156.785
3/6/2019,7112.469
3/7/2019,7026.883
3/8/2019,7015.691
3/11/2019,7164.02
3/12/2019,7201.281
3/13/2019,7256.98
3/14/2019,7243.012
3/15/2019,7306.988
3/18/2019,7326.281
3/19/2019,7349.277
3/20/2019,7380.754
3/21/2019,7493.27
3/22/2019,7326.059
3/25/2019,7316.957
3/26/2019,7351.148
3/27/2019,7308.191
3/28/2019,7320.473
3/29/2019,7378.773
4/1/2019,7478.414
4/2/2019,7499.641
4/3/2019,7544.973
4/4/2019,7540.566
4/5/2019,7578.84
4/8/2019,7599.742
4/9/2019,7568.484
4/10/2019,7611.488
4/11/2019,7594.891
4/12/2019,7628.148
4/15/2019,7629.121
4/16/2019,7654.73
4/17/2019,7680.719
4/18/2019,7689.715
4/19/2019,7689.715
4/22/2019,7713.496
4/23/2019,7810.707
4/24/2019,7784.414
4/25/2019,7816.918
4/26/2019,7826.68
4/29/2019,7839.039
4/30/2019,7781.457
5/1/2019,7751.848
5/2/2019,7724.055
5/3/2019,7845.73
5/6/2019,7794.094
5/7/2019,7640.148
5/8/2019,7617.551
5/9/2019,7582.746
5/10/2019,7586.531
5/13/2019,7324.133
5/14/2019,7401.883
5/15/2019,7503.246
5/16/2019,7580.141
5/17/2019,7503.68
5/20/2019,7376.703
5/21/2019,7451.02
5/22/2019,7420.656
5/23/2019,7307.934
5/24/2019,7300.961
5/27/2019,.
5/28/2019,7278.375
5/29/2019,7216.859
5/30/2019,7245.402
5/31/2019,7127.957
6/3/2019,6978.016
6/4/2019,7166.746
6/5/2019,7220.902
6/6/2019,7275.926
6/7/2019,7417.293
6/10/2019,7501.93
6/11/2019,7513.848
6/12/2019,7472.293
6/13/2019,7510.684
6/14/2019,7479.113
6/17/2019,7526.52
6/18/2019,7635.398
6/19/2019,7667.738
6/20/2019,7738.055
6/21/2019,7728.781
6/24/2019,7723.023
6/25/2019,7591.535
6/26/2019,7627.051
6/27/2019,7657.047
6/28/2019,7671.074
7/1/2019,7768.137
7/2/2019,7799.824
7/3/2019,7857.691
7/4/2019,.
7/5/2019,7841.301
7/8/2019,7785.785
7/9/2019,7826.859
7/10/2019,7903.402
7/11/2019,7896.777
7/12/2019,7943.242
7/15/2019,7966.926
7/16/2019,7927.078
7/17/2019,7888.762
7/18/2019,7904.133
7/19/2019,7834.898
7/22/2019,7905.121
7/23/2019,7954.563
7/24/2019,8010.605
7/25/2019,7929.867
7/26/2019,8016.953
7/29/2019,7989.082
7/30/2019,7952.473
7/31/2019,7848.781
8/1/2019,7801.145
8/2/2019,7692.801
8/5/2019,7415.691
8/6/2019,7521.32
8/7/2019,7551.898
8/8/2019,7724.828
8/9/2019,7646.27
8/12/2019,7561.684
8/13/2019,7728.152
8/14/2019,7490.129
8/15/2019,7484.887
8/16/2019,7604.109
8/19/2019,7719.324
8/20/2019,7664.473
8/21/2019,7733.215
8/22/2019,7707.426
8/23/2019,7464.996
8/26/2019,7575.02
8/27/2019,7566.027
8/28/2019,7587.895
8/29/2019,7702.313
8/30/2019,7690.996
9/2/2019,.
9/3/2019,7609.512
9/4/2019,7719.246
9/5/2019,7862.539
9/6/2019,7852.539
9/9/2019,7832.402
9/10/2019,7814.742
9/11/2019,7887.582
9/12/2019,7917.34
9/13/2019,7892.953
9/16/2019,7852.414
9/17/2019,7888.785
9/18/2019,7888.555
9/19/2019,7901.793
9/20/2019,7823.555
9/23/2019,7818.609
9/24/2019,7710.043
9/25/2019,7803.543
9/26/2019,7771.992
9/27/2019,7681.578
9/30/2019,7749.449
10/1/2019,7684.141
10/2/2019,7550.785
10/3/2019,7638.395
10/4/2019,7754.102
10/7/2019,7725.129
10/8/2019,7604.27
10/9/2019,7690.527
10/10/2019,7740.363
10/11/2019,7843.875
10/14/2019,7842.332
10/15/2019,7942.852
10/16/2019,7920.207
10/17/2019,7942.145
10/18/2019,7868.492
10/21/2019,7940.332
10/22/2019,7874.617
10/23/2019,7889.473
10/24/2019,7966.719
10/25/2019,8029.219
10/28/2019,8110.668
10/29/2019,8047.508
10/30/2019,8083.113
10/31/2019,8083.832
11/1/2019,8161.168
11/4/2019,8210.664
11/5/2019,8210.176
11/6/2019,8196.027
11/7/2019,8219.645
11/8/2019,8255.887
11/11/2019,8241.91
11/12/2019,8263.789
11/13/2019,8259.813
11/14/2019,8257.832
11/15/2019,8315.523
11/18/2019,8328.48
11/19/2019,8338.738
11/20/2019,8283.754
11/21/2019,8265.617
11/22/2019,8272.051
11/25/2019,8371.93
11/26/2019,8385.746
11/27/2019,8444.707
11/28/2019,.
11/29/2019,8403.684
12/2/2019,8309.262
12/3/2019,8254.738
12/4/2019,8296.531
12/5/2019,8308.398
12/6/2019,8397.367
12/9/2019,8362.742
12/10/2019,8354.293
12/11/2019,8402.609
12/12/2019,8466.895
12/13/2019,8487.707
12/16/2019,8570.336
12/17/2019,8575.699
12/18/2019,8580.625
12/19/2019,8641.293
12/20/2019,8678.492
12/23/2019,8696.008
12/24/2019,8699.504
12/25/2019,.
12/26/2019,8778.313
12/27/2019,8770.98
12/30/2019,8709.727
12/31/2019,8733.074
1/1/2020,.
1/2/2020,8872.219
1/3/2020,8793.902
1/6/2020,8848.516
1/7/2020,8846.449
1/8/2020,8912.371
1/9/2020,8989.629
1/10/2020,8966.637
1/13/2020,9070.648
1/14/2020,9033.422
1/15/2020,9035.668
1/16/2020,9125
1/17/2020,9173.734
1/20/2020,.
1/21/2020,9166.629
1/22/2020,9188.574
1/23/2020,9216.984
1/24/2020,9141.469
1/27/2020,8952.18
1/28/2020,9090.934
1/29/2020,9101.613
1/30/2020,9136.086
1/31/2020,8991.512
2/3/2020,9126.23
2/4/2020,9334.055
2/5/2020,9367.48
2/6/2020,9445.918
2/7/2020,9401.098
2/10/2020,9516.84
2/11/2020,9517.859
2/12/2020,9613.199
2/13/2020,9595.703
2/14/2020,9623.582
2/17/2020,.
2/18/2020,9629.801
2/19/2020,9718.727
2/20/2020,9627.832
2/21/2020,9446.688
2/24/2020,9079.633
2/25/2020,8834.867
2/26/2020,8873.758
2/27/2020,8436.668
2/28/2020,8461.836
3/2/2020,8877.977
3/3/2020,8594.492
3/4/2020,8949.281
3/5/2020,8671.66
3/6/2020,8530.336
3/9/2020,7948.027
3/10/2020,8372.266
3/11/2020,8006.117
3/12/2020,7263.652
3/13/2020,7995.262
3/16/2020,7020.375
3/17/2020,7473.949
3/18/2020,7175.176
3/19/2020,7288.523
3/20/2020,6994.293
3/23/2020,7006.918
3/24/2020,7553.824
3/25/2020,7469.617
3/26/2020,7897.129
3/27/2020,7588.371
3/30/2020,7889.004
3/31/2020,7813.5
4/1/2020,7486.285
4/2/2020,7635.656
4/3/2020,7528.113
4/6/2020,8081.664
4/7/2020,8049.309
4/8/2020,8229.543
4/9/2020,8238.527
4/10/2020,.
4/13/2020,8332.738
4/14/2020,8692.156
4/15/2020,8591.957
4/16/2020,8757.832
4/17/2020,8832.414
4/20/2020,8726.512
4/21/2020,8403.004
4/22/2020,8664.633
4/23/2020,8641.496
4/24/2020,8786.602
4/27/2020,8837.656
4/28/2020,8677.602
4/29/2020,8982.762
4/30/2020,9000.508
5/1/2020,8718.18
5/4/2020,8834.109
5/5/2020,8930.617
5/6/2020,8984.859
5/7/2020,9101.875
5/8/2020,9220.355
5/11/2020,9298.922
5/12/2020,9112.449
5/13/2020,9000.078
5/14/2020,9094.426
5/15/2020,9152.641
5/18/2020,9331.926
5/19/2020,9298.543
5/20/2020,9485.02
5/21/2020,9377.992
5/22/2020,9413.988
5/25/2020,.
5/26/2020,9389.977
5/27/2020,9442.047
5/28/2020,9416.715
5/29/2020,9555.523
6/1/2020,9598.887
6/2/2020,9657.309
6/3/2020,9704.688
6/4/2020,9629.664
6/5/2020,9824.391
6/8/2020,9901.52
6/9/2020,9967.176
6/10/2020,10094.258
6/11/2020,9588.48
6/12/2020,9663.773
6/15/2020,9776.891
6/16/2020,9949.367
6/17/2020,9982.48
6/18/2020,10012.055
6/19/2020,10008.645
6/22/2020,10130.332
6/23/2020,10209.816
6/24/2020,10002.699
6/25/2020,10101.836
6/26/2020,9849.355
6/29/2020,9961.164
6/30/2020,10156.852
7/1/2020,10279.246
7/2/2020,10341.891
7/3/2020,.
7/6/2020,10604.059
7/7/2020,10524.012
7/8/2020,10666.699
7/9/2020,10754.59
7/10/2020,10836.332
7/13/2020,10602.207
7/14/2020,10689.52
7/15/2020,10701.68
7/16/2020,10626.461
7/17/2020,10645.219
7/20/2020,10952.074
7/21/2020,10833.074
7/22/2020,10870.754
7/23/2020,10580.59
7/24/2020,10483.133
7/27/2020,10674.375
7/28/2020,10532.5
7/29/2020,10662.984
7/30/2020,10715.508
7/31/2020,10905.883
8/3/2020,11055.078
8/4/2020,11096.539
8/5/2020,11125.438
8/6/2020,11267.086
8/7/2020,11139.387
8/10/2020,11085.168
8/11/2020,10876.078
8/12/2020,11157.723
8/13/2020,11178.371
8/14/2020,11164.445
8/17/2020,11288.57
8/18/2020,11399.031
8/19/2020,11318.645
8/20/2020,11477.047
8/21/2020,11555.164
8/24/2020,11626.172
8/25/2020,11721.805
8/26/2020,11971.941
8/27/2020,11926.16
8/28/2020,11995.855
8/31/2020,12110.699
9/1/2020,12292.863
9/2/2020,12420.543
9/3/2020,11771.367
9/4/2020,11622.133
9/7/2020,.
9/8/2020,11068.258
9/9/2020,11395.848
9/10/2020,11154.125
9/11/2020,11087.402
9/14/2020,11277.762
9/15/2020,11438.875
9/16/2020,11247.598
9/17/2020,11080.949
9/18/2020,10936.98
9/21/2020,10980.219
9/22/2020,11186.371
9/23/2020,10833.332
9/24/2020,10896.469
9/25/2020,11151.133
9/28/2020,11364.449
9/29/2020,11322.953
9/30/2020,11418.063
10/1/2020,11583.203
10/2/2020,11255.695
10/5/2020,11509.063
10/6/2020,11291.273
10/7/2020,11503.195
10/8/2020,11550.941
10/9/2020,11725.852
10/12/2020,12088.105
10/13/2020,12083.172
10/14/2020,11985.359
10/15/2020,11898.574
10/16/2020,11852.168
10/19/2020,11634.348
10/20/2020,11677.836
10/21/2020,11665.367
10/22/2020,11662.914
10/23/2020,11692.57
10/26/2020,11504.52
10/27/2020,11598.945
10/28/2020,11142.754
10/29/2020,11350.742
10/30/2020,11052.945
11/2/2020,11084.758
11/3/2020,11279.91
11/4/2020,11777.016
11/5/2020,12078.066
11/6/2020,12091.344
11/9/2020,11830.387
11/10/2020,11624.285
11/11/2020,11892.93
11/12/2020,11827.141
11/13/2020,11937.84
11/16/2020,12013.38
11/17/2020,11977.49
11/18/2020,11894.71
11/19/2020,11985.43
11/20/2020,11906.44
11/23/2020,11905.94
11/24/2020,12079.81
11/25/2020,12152.22
11/26/2020,.
11/27/2020,12258.21
11/30/2020,12268.32
12/1/2020,12455.33
12/2/2020,12456.41
12/3/2020,12467.13
12/4/2020,12528.48
12/7/2020,12596.47
12/8/2020,12635.72
12/9/2020,12364.64
12/10/2020,12401.74
12/11/2020,12375.41
12/14/2020,12462.21
12/15/2020,12595.92
12/16/2020,12668.16
12/17/2020,12752.06
12/18/2020,12738.18
12/21/2020,12690.26
12/22/2020,12717.56
12/23/2020,12653.14
12/24/2020,12711.01
12/25/2020,.
12/28/2020,12838.86
12/29/2020,12843.49
12/30/2020,12845.36
12/31/2020,12888.28
1/1/2021,.
1/4/2021,12694.66
1/5/2021,12802.38
1/6/2021,12623.35
1/7/2021,12939.57
1/8/2021,13105.2
1/11/2021,12902.49
1/12/2021,12892.09
1/13/2021,12973.63
1/14/2021,12898.69
1/15/2021,12803.93
1/18/2021,.
1/19/2021,12996.54
1/20/2021,13296.45
1/21/2021,13404.99
1/22/2021,13366.4
1/25/2021,13483.29
1/26/2021,13490.19
1/27/2021,13112.65
1/28/2021,13201.53
1/29/2021,12925.38
2/1/2021,13248.9
2/2/2021,13456.12
2/3/2021,13402.37
2/4/2021,13560.89
2/5/2021,13603.96
2/8/2021,13695.02
2/9/2021,13687.08
2/10/2021,13655.27
2/11/2021,13734.35
2/12/2021,13807.7
2/15/2021,.
2/16/2021,13773.77
2/17/2021,13699.71
2/18/2021,13637.51
2/19/2021,13580.78
2/22/2021,13223.74
2/23/2021,13194.71
2/24/2021,13302.19
2/25/2021,12828.31
2/26/2021,12909.44
3/1/2021,13282.95
3/2/2021,13059.95
3/3/2021,12683.33
3/4/2021,12464
3/5/2021,12668.51
3/8/2021,12299.08
3/9/2021,12794.49
3/10/2021,12752.07
3/11/2021,13052.9
3/12/2021,12937.29
3/15/2021,13082.54
3/16/2021,13152.28
3/17/2021,13202.38
3/18/2021,12789.14
3/19/2021,12866.99
3/22/2021,13086.51
3/23/2021,13017.79
3/24/2021,12798.88
3/25/2021,12780.51
3/26/2021,12979.12
3/29/2021,12965.74
3/30/2021,12896.53
3/31/2021,13091.44
4/1/2021,13329.51
4/2/2021,.
4/5/2021,13598.16
4/6/2021,13578.46
4/7/2021,13616.7
4/8/2021,13758.5
4/9/2021,13845.05
4/12/2021,13819.35
4/13/2021,13986.49
4/14/2021,13803.91
4/15/2021,14026.19
4/16/2021,14041.91
4/19/2021,13907.67
4/20/2021,13809.3
4/21/2021,13935.15
4/22/2021,13762.36
4/23/2021,13941.44
4/26/2021,14026.16
4/27/2021,13960.28
4/28/2021,13901.62
4/29/2021,13970.2
4/30/2021,13860.76
5/3/2021,13799.72
5/4/2021,13544.67
5/5/2021,13503.37
5/6/2021,13613.73
5/7/2021,13719.63
5/10/2021,13359.08
5/11/2021,13351.27
5/12/2021,13001.63
5/13/2021,13109.15
5/14/2021,13312.91
5/17/2021,13312.91
5/18/2021,13217.68
5/19/2021,13237.91
5/20/2021,13494.09
5/21/2021,13411.74
5/24/2021,13641.75
5/25/2021,13657.73
5/26/2021,13702.74
5/27/2021,13657.85
5/28/2021,13686.51
5/31/2021,.
6/1/2021,13654.59
6/2/2021,13675.79
6/3/2021,13529.68
6/4/2021,13770.77
6/7/2021,13802.89
6/8/2021,13810.86
6/9/2021,13814.94
6/10/2021,13960.35
6/11/2021,13998.3
6/14/2021,14128.2
6/15/2021,14030.41
6/16/2021,13983.01
6/17/2021,14163.81
6/18/2021,14049.58
6/21/2021,14137.23
6/22/2021,14270.42
6/23/2021,14274.24
6/24/2021,14365.96
6/25/2021,14345.18
6/28/2021,14524.98
6/29/2021,14572.75
6/30/2021,14554.8
7/1/2021,14560.05
7/2/2021,14727.63
7/5/2021,.
7/6/2021,14786.36
7/7/2021,14810.54
7/8/2021,14722.14
7/9/2021,14826.09
7/12/2021,14877.89
7/13/2021,14874.54
7/14/2021,14900.44
7/15/2021,14794.69
7/16/2021,14681.38
7/19/2021,14549.09
7/20/2021,14728.21
7/21/2021,14842.63
7/22/2021,14940.17
7/23/2021,15111.79
7/26/2021,15125.95
7/27/2021,14956.97
7/28/2021,15018.1
7/29/2021,15048.36
7/30/2021,14959.9
8/2/2021,14963.62
8/3/2021,15061.42
8/4/2021,15083.39
8/5/2021,15181.64
8/6/2021,15109.36
8/9/2021,15133.11
8/10/2021,15053.58
8/11/2021,15027.76
8/12/2021,15088.98
8/13/2021,15136.68
8/16/2021,15140.77
8/17/2021,15002.83
8/18/2021,14857.92
8/19/2021,14933.94
8/20/2021,15092.57
8/23/2021,15312.82
8/24/2021,15357.68
8/25/2021,15368.92
8/26/2021,15278.52
8/27/2021,15432.95
8/30/2021,15605.09
8/31/2021,15582.51
9/1/2021,15611.57
9/2/2021,15604.25
9/3/2021,15652.86
9/6/2021,.
9/7/2021,15675.76
9/8/2021,15620.85
9/9/2021,15561.05
9/10/2021,15440.75
9/13/2021,15434.5
9/14/2021,15382.9
9/15/2021,15503.53
9/16/2021,15515.91
9/17/2021,15333.47
9/20/2021,15012.19
9/21/2021,15027.77
9/22/2021,15176.51
9/23/2021,15316.58
9/24/2021,15329.68
9/27/2021,15204.82
9/28/2021,14770.3
9/29/2021,14752.89
9/30/2021,14689.62
10/1/2021,14791.87
10/4/2021,14472.12
10/5/2021,14674.15
10/6/2021,14766.75
10/7/2021,14897.13
10/8/2021,14820.75
10/11/2021,14713.73
10/12/2021,14662.11
10/13/2021,14774.6
10/14/2021,15052.42
10/15/2021,15146.92
10/18/2021,15300.89
10/19/2021,15410.72
10/20/2021,15388.71
10/21/2021,15489.59
10/22/2021,15355.07
10/25/2021,15514.19
10/26/2021,15559.49
10/27/2021,15598.39
10/28/2021,15778.16
10/29/2021,15850.47
11/1/2021,15905.28
11/2/2021,15972.49
11/3/2021,16144.5
11/4/2021,16346.24
11/5/2021,16359.38
11/8/2021,16336.03
11/9/2021,16219.94
11/10/2021,15985.57
11/11/2021,16032.47
11/12/2021,16199.89
11/15/2021,16189.12
11/16/2021,16309.77
11/17/2021,16308.07
11/18/2021,16482.97
11/19/2021,16573.34
11/22/2021,16380.98
11/23/2021,16306.72
11/24/2021,16367.81
11/25/2021,.
11/26/2021,16025.58
11/29/2021,16399.24
11/30/2021,16135.92
12/1/2021,15877.72
12/2/2021,15990.76
12/3/2021,15712.04
12/6/2021,15846.16
12/7/2021,16325.66
12/8/2021,16394.34
12/9/2021,16149.57
12/10/2021,16331.98
12/13/2021,16082.55
12/14/2021,15914.9
12/15/2021,16289.59
12/16/2021,15863.94
12/17/2021,15801.46
12/20/2021,15627.64
12/21/2021,15986.28
12/22/2021,16180.14
12/23/2021,16308.21
12/24/2021,.
12/27/2021,16567.5
12/28/2021,16488.66
12/29/2021,16491.01
12/30/2021,16429.1
12/31/2021,16320.08
1/3/2022,16501.77
1/4/2022,16279.73
1/5/2022,15771.78
1/6/2022,15765.36
1/7/2022,15592.19
1/10/2022,15614.43
1/11/2022,15844.12
1/12/2022,15905.1
1/13/2022,15495.62
1/14/2022,15611.59
1/17/2022,.
1/18/2022,15210.76
1/19/2022,15047.84
1/20/2022,14846.46
1/21/2022,14438.4
1/24/2022,14509.58
1/25/2022,14149.12
1/26/2022,14172.76
1/27/2022,14003.11
1/28/2022,14454.61
1/31/2022,14930.05
2/1/2022,15019.68
2/2/2022,15139.74
2/3/2022,14501.11
2/4/2022,14694.35
2/7/2022,14571.25
2/8/2022,14747.03
2/9/2022,15056.96
2/10/2022,14705.64
2/11/2022,14253.84
2/14/2022,14268.59
2/15/2022,14620.82
2/16/2022,14603.64
2/17/2022,14171.74
2/18/2022,14009.54
2/21/2022,.
2/22/2022,13870.53
2/23/2022,13509.43
2/24/2022,13974.67
2/25/2022,14189.16
2/28/2022,14237.81
3/1/2022,14005.99
3/2/2022,14243.69
3/3/2022,14035.21
3/4/2022,13837.83
3/7/2022,13319.38
3/8/2022,13267.6
3/9/2022,13742.2
3/10/2022,13591
3/11/2022,13301.83
3/14/2022,13046.64
3/15/2022,13458.56
3/16/2022,13956.78
3/17/2022,14118.6
3/18/2022,14420.08
3/21/2022,14376.09
3/22/2022,14654.33
3/23/2022,14447.55
3/24/2022,14765.69
3/25/2022,14754.31
3/28/2022,14987.4
3/29/2022,15239.32
3/30/2022,15071.55
3/31/2022,14838.49
4/1/2022,14861.21
4/4/2022,15159.58
4/5/2022,14820.64
4/6/2022,14498.88
4/7/2022,14531.81
4/8/2022,14327.26
4/11/2022,13990.21
4/12/2022,13940.24
4/13/2022,14217.29
4/14/2022,13893.21
4/15/2022,.
4/18/2022,13910.76
4/19/2022,14210.26
4/20/2022,13998.53
4/21/2022,13720.45
4/22/2022,13356.87
4/25/2022,13533.22
4/26/2022,13009.71
4/27/2022,13003.36
4/28/2022,13456.06
4/29/2022,12854.8
5/2/2022,13075.85
5/3/2022,13089.9
5/4/2022,13535.71
5/5/2022,12850.55
5/6/2022,12693.53
5/9/2022,12187.72
5/10/2022,12345.86
5/11/2022,11967.56
5/12/2022,11945.5
5/13/2022,12387.4
5/16/2022,12243.58
5/17/2022,12564.1
5/18/2022,11928.31
5/19/2022,11875.63
5/20/2022,11835.62
5/23/2022,12034.28
5/24/2022,11769.84
5/25/2022,11943.93
5/26/2022,12276.79
5/27/2022,12681.42
5/30/2022,.
5/31/2022,12642.1
6/1/2022,12548.36
6/2/2022,12892.89
6/3/2022,12548.03
6/6/2022,12599.63
6/7/2022,12711.68
6/8/2022,12615.13
6/9/2022,12269.78
6/10/2022,11832.82
6/13/2022,11288.32
6/14/2022,11311.69
6/15/2022,11593.77
6/16/2022,11127.57
6/17/2022,11265.99
6/20/2022,.
6/21/2022,11546.76
6/22/2022,11527.71
6/23/2022,11697.68
6/24/2022,12105.85
6/27/2022,12008.24
6/28/2022,11637.77
6/29/2022,11658.26
6/30/2022,11503.72
7/1/2022,11585.68
7/4/2022,.
7/5/2022,11779.9
7/6/2022,11852.59
7/7/2022,12109.05
7/8/2022,12125.69
7/11/2022,11860.28
7/12/2022,11744.99
7/13/2022,11728.53
7/14/2022,11768.4
7/15/2022,11983.62
7/18/2022,11877.5
7/19/2022,12249.42
7/20/2022,12439.68
7/21/2022,12619.41
7/22/2022,12396.47
7/25/2022,12328.41
7/26/2022,12086.9
7/27/2022,12601.47
7/28/2022,12717.87
7/29/2022,12947.97
8/1/2022,12940.78
8/2/2022,12901.6
8/3/2022,13253.26
8/4/2022,13311.04
8/5/2022,13207.69
8/8/2022,13159.16
8/9/2022,13008.17
8/10/2022,13378.32
8/11/2022,13291.99
8/12/2022,13565.87
8/15/2022,13667.18
8/16/2022,13635.21
8/17/2022,13470.86
8/18/2022,13505.99
8/19/2022,13242.9
8/22/2022,12890.54
8/23/2022,12881.79
8/24/2022,12917.86
8/25/2022,13143.58
8/26/2022,12605.17
8/29/2022,12484.32
8/30/2022,12342.7
8/31/2022,12272.03
9/1/2022,12274.62
9/2/2022,12098.44
9/5/2022,.
9/6/2022,12011.31
9/7/2022,12259.39
9/8/2022,12321.19
9/9/2022,12588.29
9/12/2022,12739.72
9/13/2022,12033.62
9/14/2022,12134.4
9/15/2022,11927.49
9/16/2022,11861.38
9/19/2022,11953.27
9/20/2022,11851.54
9/21/2022,11637.79
9/22/2022,11501.65
9/23/2022,11311.24
9/26/2022,11254.11
9/27/2022,11271.75
9/28/2022,11493.83
9/29/2022,11164.78
9/30/2022,10971.22
10/3/2022,11229.73
10/4/2022,11582.54
10/5/2022,11573.18
10/6/2022,11485.5
10/7/2022,11039.47
10/10/2022,10926.97
10/11/2022,10791.35
10/12/2022,10785.62
10/13/2022,11033.58
10/14/2022,10692.06
10/17/2022,11062.53
10/18/2022,11147.74
10/19/2022,11103.38
10/20/2022,11046.71
10/21/2022,11310.33
10/24/2022,11430.26
10/25/2022,11669.99
10/26/2022,11405.9
10/27/2022,11191.63
10/28/2022,11546.21
10/31/2022,11405.57
11/1/2022,11288.95
11/2/2022,10906.34
11/3/2022,10690.6
11/4/2022,10857.03
11/7/2022,10977
11/8/2022,11059.5
11/9/2022,10797.55
11/10/2022,11605.96
11/11/2022,11817.01
11/14/2022,11700.94
11/15/2022,11871.15
11/16/2022,11699.09
11/17/2022,11676.86
11/18/2022,11677.02
11/21/2022,11553.45
11/22/2022,11724.84
11/23/2022,11838.72
11/24/2022,.
11/25/2022,11756.03
11/28/2022,11587.75
11/29/2022,11503.45
11/30/2022,12030.06
12/1/2022,12041.89
12/2/2022,11994.26
12/5/2022,11786.8
12/6/2022,11549.69
12/7/2022,11497.39
12/8/2022,11637.5
12/9/2022,11563.33
12/12/2022,11706.44
12/13/2022,11834.21
12/14/2022,11740.92
12/15/2022,11345.22
12/16/2022,11243.72
12/19/2022,11084.59
12/20/2022,11072.42
12/21/2022,11235.88
12/22/2022,10956.14
12/23/2022,10985.45
12/26/2022,.
12/27/2022,10822.51
12/28/2022,10679.34
12/29/2022,10951.05
12/30/2022,10939.76
1/2/2023,.
1/3/2023,10862.64
1/4/2023,10914.8
1/5/2023,10741.22
1/6/2023,11040.35
1/9/2023,11108.44
1/10/2023,11205.78
1/11/2023,11402.52
1/12/2023,11459.61
1/13/2023,11541.48
1/16/2023,.
1/17/2023,11557.19
1/18/2023,11410.29
1/19/2023,11295.67
1/20/2023,11619.03
1/23/2023,11872.54
1/24/2023,11846.64
1/25/2023,11814.69
1/26/2023,12051.48
1/27/2023,12166.6
1/30/2023,11912.39
1/31/2023,12101.93
2/1/2023,12363.1
2/2/2023,12803.14
2/3/2023,12573.36
2/6/2023,12464.51
2/7/2023,12728.27
2/8/2023,12495.38
2/9/2023,12381.17
2/10/2023,12304.92
2/13/2023,12502.31
