date,m1_supply,gdp,fed_funds_rate,fed_bal,gov_debt,velocity_money,nasdaq100,btc_price,housing_index,commod_index,energy_index,cpi_index,unit_labor,personal_savings,personal_expenses,rent_prim_res
2003-01,1227.3,11174.129,1.24,732202.0,6460776.0,9.104643526440155,,,,,,,,,,
2003-02,1238.2,11220.341333333334,1.26,720885.0,6530557.666666667,9.061816615517149,,,,,,,,,,
2003-03,1239.3,11266.553666666667,1.25,723792.0,6600339.333333333,9.09106242771457,,,,,,,,,,
2003-04,1250.0,11312.766,1.26,733626.0,6670121.0,9.050212799999999,,,,,,,,,,
2003-05,1268.8,11397.400333333333,1.26,734390.0,6707854.0,8.982818673812526,,,,,,,,,,
2003-06,1281.0,11482.034666666666,1.22,732753.0,6745587.0,8.963336976320583,,,,,,,,,,
2003-07,1287.5,11566.669,1.01,741370.0,6783320.0,8.983820582524272,,,,,,,,,,
2003-08,1296.4,11635.190666666667,1.03,735147.0,6854868.0,8.975000514244575,,,,,,,,,,
2003-09,1297.2,11703.712333333333,1.01,751353.0,6926416.0,9.022288261897419,,,,,,,,,,
2003-10,1297.8,11772.234,1.01,754446.0,6997964.0,9.070915395284327,,,,,,,,,,
2003-11,1299.1,11822.638333333334,1.0,745371.0,7042332.0,9.100637620917047,,,,,,,,,,
2003-12,1306.2,11873.042666666666,0.98,751054.0,7086700.0,9.089758587250548,,,,,,,,,,
2004-01,1306.0,11923.447,1.0,756832.0,7131068.0,9.129745022970903,,,,,,,,,,
2004-02,1321.4,11986.569666666666,1.01,755445.0,7178823.666666667,9.071113717774077,,,,,,,,,,
2004-03,1328.7,12049.692333333334,1.0,756199.0,7226579.333333333,9.068783271869748,,,,,,,,,,
2004-04,1332.8,12112.815,1.0,754869.0,7274335.0,9.088246548619448,,,,,,,,,,
2004-05,1333.3,12176.979000000001,1.0,759949.0,7309241.0,9.132962574064353,,,,,,,,,,
2004-06,1342.7,12241.143,1.03,764893.0,7344147.0,9.116811648171595,,,,,,,,,,
2004-07,1340.8,12305.307,1.26,778684.0,7379053.0,9.177585769689738,,,,,,,,,,
2004-08,1354.3,12379.276,1.43,772807.0,7451416.333333333,9.140719190725836,,,,,,,,,,
2004-09,1362.5,12453.245,1.61,786094.0,7523779.666666667,9.13999633027523,,,,,,,,,,
2004-10,1362.3,12527.214,1.76,782750.0,7596143.0,9.195635322616164,,,,,,,,,,
2004-11,1374.2,12607.238,1.93,791585.0,7656408.333333333,9.174238102168534,,,,,,,,,,
2004-12,1376.0,12687.262,2.16,807973.0,7716673.666666667,9.220393895348838,,,,,,,,,,
2005-01,1367.1,12767.286,2.28,816763.0,7776939.0,9.338955453149001,,,,,,,,,,
2005-02,1371.1,12819.076000000001,2.5,805705.0,7796791.333333333,9.34948289694406,,,,,,,,,,
2005-03,1370.9,12870.866,2.63,802675.0,7816643.666666667,9.388624990881901,,,,,,,,,,
2005-04,1358.4,12922.656,2.79,798095.0,7836496.0,9.513144876325088,,,,,,,,,,
2005-05,1366.0,12995.984666666667,3.0,803447.0,7868567.333333333,9.513897999023914,,,,,,,,,,
2005-06,1380.1,13069.313333333334,3.04,818300.0,7900638.666666667,9.469830688597446,,,,,,,,,,
2005-07,1369.0,13142.642,3.26,822944.0,7932710.0,9.60017677136596,,,,,,,,,,
2005-08,1377.8,13203.162666666667,3.5,819529.0,8011944.333333333,9.582786084095419,,,,,,,,,,
2005-09,1378.6,13263.683333333332,3.62,824448.0,8091178.666666667,9.621125296194206,,,,,,,,,,
2005-10,1376.5,13324.204,3.78,818227.0,8170413.0,9.67977043225572,,,,,,,,,,
2005-11,1376.1,13415.856,4.0,815926.0,8237327.333333333,9.7491868323523,,,,,,,,,,
2005-12,1374.3,13507.508,4.16,834325.0,8304241.666666667,9.828645856072182,,,,,,,,,,
2006-01,1379.5,13599.16,4.29,854174.0,8371156.0,9.858035520115983,,,,,,,,,,
2006-02,1378.4,13650.581333333334,4.49,833289.0,8387451.333333333,9.90320758367189,,,,,,,,,,
2006-03,1383.2,13702.002666666667,4.59,840566.0,8403746.666666666,9.90601696549065,,,,,,,,,,
2006-04,1381.4,13753.424,4.79,835979.0,8420042.0,9.956148834515709,,,,,,,,,,
2006-05,1387.2,13792.345333333335,4.94,845192.0,8449019.333333334,9.942578815840061,,,,,,,,,,
2006-06,1375.4,13831.266666666666,4.99,850218.0,8477996.666666666,10.056177596820318,,,,,,,,,,
2006-07,1372.4,13870.188,5.24,853082.0,8506974.0,10.106519965024773,,,,,,,,,,
2006-08,1372.4,13926.645333333334,5.25,851664.0,8564724.0,10.14765763139998,,,,,,,,,,
2006-09,1364.4,13983.102666666666,5.25,851521.0,8622474.0,10.248536108668034,,,,,,,,,,
2006-10,1370.3,14039.56,5.25,843857.0,8680224.0,10.245610450266366,,,,,,,,,,
2006-11,1370.8,14098.257,5.25,857192.0,8736704.333333334,10.284692880070033,,,,,,,,,,
2006-12,1366.6,14156.954,5.24,864015.0,8793184.666666666,10.359252158641885,,,,,,,,,,
2007-01,1371.7,14215.651,5.25,875886.0,8849665.0,10.363527739301595,,,,,,,,,,
2007-02,1363.0,14277.794666666667,5.26,855950.0,8855669.0,10.475271215456102,,,,,,,,,,
2007-03,1366.5,14339.938333333334,5.26,865685.0,8861673.0,10.493917550920845,,,,,,,,,,
2007-04,1378.0,14402.082,5.25,863206.0,8867677.0,10.45143831640058,,,,,,,,,,
2007-05,1380.9,14456.093666666668,5.25,892372.0,8914335.666666666,10.468602843556134,,,,,,,,,,
2007-06,1368.2,14510.105333333333,5.25,873911.0,8960994.333333334,10.605251668859328,,,,,,,,,,
2007-07,1371.8,14564.117,5.26,878608.0,9007653.0,10.616793264324246,,,,,,,,,,
2007-08,1376.3,14614.430666666667,5.02,871042.0,9081492.666666666,10.618637409479524,,,,,,,,,,
2007-09,1375.7,14664.744333333334,4.94,872896.0,9155332.333333334,10.659841777519324,,,,,,,,,,
2007-10,1379.4,14715.058,4.76,869874.0,9229172.0,10.667723647962882,,,,,,,,,,
2007-11,1371.8,14712.218,4.49,886556.0,9298646.0,10.724754337366964,,,,,,,,,,
2007-12,1373.4,14709.378,4.24,883464.0,9368120.0,10.710192223678462,,,,,,,,,,
2008-01,1377.7,14706.538,3.94,923058.0,9437594.0,10.674702765478697,1855.27,,372.34,154.383559162106,212.95256526713,212.174,100.256,366.923,9996.4,239.85
2008-02,1380.4,14759.592333333334,2.98,871610.0,9455731.333333334,10.692257558195692,1855.27,,369.20666666666665,161.414167479217,221.207409668071,212.687,99.94566666666667,433.788,9981.7,240.325
2008-03,1388.7,14812.646666666666,2.61,881822.0,9473868.666666666,10.666556251650224,1733.27,,366.0733333333333,171.181055223119,236.794999578762,213.448,99.63533333333334,500.653,10035.3,240.874
2008-04,1391.4,14865.701,2.28,884297.0,9492006.0,10.683988069570216,1855.48,,362.94,177.796062262196,253.573936320607,213.942,99.325,567.518,10070.3,241.474
2008-05,1393.4,14876.800333333333,1.98,889757.0,9669579.0,10.676618582842925,1980.44,,359.13,190.237107906841,281.920824527933,215.208,99.56466666666667,522.6833333333334,10132.3,241.803
2008-06,1404.6,14887.899666666666,2.0,896444.0,9847152.0,10.599387488727515,2006.84,,355.32,199.223140422477,303.745294402926,217.463,99.80433333333333,477.8486666666667,10187.1,242.64
2008-07,1421.1,14898.999,2.01,903620.0,10024725.0,10.48413130673422,1862.71,,351.51,200.808359967538,308.945845079838,219.016,100.044,433.014,10185.1,243.367
2008-08,1407.4,14802.068666666666,2.0,902873.0,10249751.666666666,10.51731467007721,1826.56,,350.43,179.781378472755,268.942999904535,218.69,100.59166666666667,503.9936666666667,10175.7,244.181
2008-09,1462.0,14705.138333333334,1.81,905996.0,10474778.333333334,10.058234154126767,1695.1799999999998,,349.34999999999997,164.858399692681,241.157795731331,218.877,101.13933333333333,574.9733333333334,10116.4,244.926
2008-10,1473.8,14608.208,0.97,1504499.0,10699805.0,9.911933776631837,1563.8,,348.27,134.788242367655,188.568081326526,216.995,101.687,645.953,10034.1,245.855
2008-11,1514.6,14549.105666666666,0.39,2074643.0,10842183.666666666,9.60590628988952,1334.75,,349.13,114.359339707555,150.200782451237,213.153,100.49533333333333,644.1876666666667,9885.2,246.681
2008-12,1601.7,14490.003333333334,0.16,2137435.0,10984562.333333334,9.046640028303262,1091.16,,349.99,101.904734420369,122.672243012022,211.398,99.30366666666666,642.4223333333333,9801.5,247.278
2009-01,1582.8,14430.901,0.15,2121949.0,11126941.0,9.11732436189032,1143.455,,350.85,104.427579022121,125.378276708955,211.933,98.112,640.657,9847.2,247.974
2009-02,1567.2,14414.346,0.22,1851813.0,11266385.666666666,9.19751531393568,1195.75,,347.78333333333336,100.92348256431,117.722420760494,212.705,98.24033333333333,678.1556666666667,9824.5,248.305
2009-03,1578.9,14397.791000000001,0.18,1901834.0,11405830.333333334,9.118874532902653,1076.67,,344.71666666666664,100.944839840212,118.843901173609,212.495,98.36866666666667,715.6543333333334,9773.2,248.639
2009-04,1611.6,14381.236,0.15,2079411.0,11545275.0,8.923576569868455,1252.51,,341.65,102.904605315295,119.20519973597,212.709,98.497,753.153,9772.5,248.899
2009-05,1617.5,14403.784666666666,0.18,2080452.0,11666792.666666666,8.904967336424523,1396.62,,338.6766666666667,111.797397368604,133.97993538685,213.022,98.243,689.515,9791.6,249.069
2009-06,1658.8,14426.333333333334,0.21,2078237.0,11788310.333333334,8.696849127883612,1477.12,,335.7033333333333,120.502487414329,152.982953218604,214.79,97.989,625.8770000000001,9852.4,249.092
2009-07,1662.5,14448.882,0.16,2006220.0,11909828.0,8.691056842105263,1481.34,,332.73,116.328952708189,143.464313930351,214.726,97.735,562.239,9886.3,248.994
2009-08,1660.0,14516.337333333333,0.16,1989654.0,12043668.333333334,8.744781526104417,1628.12,,331.88666666666666,122.795871392493,154.867717956959,215.445,97.45466666666667,575.7013333333333,10004.1,249.029
2009-09,1664.9,14583.792666666666,0.15,2084026.0,12177508.666666666,8.759560734378441,1595.84,,331.04333333333335,119.135919568377,148.563669439578,215.861,97.17433333333334,589.1636666666667,9927.8,248.965
2009-10,1677.7,14651.248,0.12,2138587.0,12311349.0,8.732936758657686,1666.41,,330.2,126.645989122524,161.88819495353,216.509,96.894,602.626,9976.7,248.888
2009-11,1683.0,14689.035666666667,0.12,2165358.0,12465273.666666666,8.727888096652803,1672.91,,328.88666666666666,131.509059740893,167.28240524265,217.234,96.50933333333333,613.1846666666667,9985.7,248.886
2009-12,1692.8,14726.823333333334,0.12,2204380.0,12619198.333333334,8.699682971014493,1787.71,,327.5733333333333,134.045837287127,169.081397747495,217.347,96.12466666666667,623.7433333333333,10052.6,248.999
2010-01,1674.7,14764.611,0.11,2235669.0,12773123.0,8.816272168149519,1774.2150000000001,,326.26,139.839679297432,178.41947067921,217.488,95.74,634.302,10056.1,249.144
2010-02,1699.8,14836.471666666666,0.13,2249553.0,12916012.666666666,8.728363140761658,1760.72,,325.2733333333333,136.552742218458,172.419006521773,217.281,96.01433333333333,667.9856666666667,10093.4,249.017
2010-03,1711.9,14908.332333333334,0.16,2280227.0,13058902.333333334,8.70864672780731,1846.4,,324.2866666666667,141.524805511806,177.043925116846,217.353,96.28866666666667,701.6693333333333,10156.0,249.089
2010-04,1699.0,14980.193,0.2,2307637.0,13201792.0,8.81706474396704,1959.56,,323.3,149.313117882383,185.834204822904,217.403,96.563,735.353,10182.3,249.012
2010-05,1710.1,15033.997,0.2,2326221.0,13321735.333333334,8.791297000175428,2031.6,,324.35,140.402469952676,171.381834659046,217.29,96.52366666666667,737.052,10210.8,248.925
2010-06,1731.6,15087.801,0.18,2336305.0,13441678.666666666,8.713213790713791,1835.04,,325.4,137.719023925784,171.550033939702,217.199,96.48433333333332,738.751,10231.3,248.999
2010-07,1724.0,15141.605,0.18,2332114.0,13561622.0,8.782833526682134,1734.41,,326.45,137.843341038294,170.909086633409,217.605,96.445,740.45,10268.1,249.126
2010-08,1748.7,15197.560333333333,0.19,2326563.0,13716153.0,8.690776195650102,1898.99,,325.6766666666667,141.643776111645,172.006819754741,217.923,96.482,736.0166666666667,10307.1,249.024
2010-09,1766.2,15253.515666666666,0.19,2302106.0,13870684.0,8.636346770845128,1820.05,,324.9033333333333,144.433606285338,171.978027456354,218.275,96.51899999999999,731.5833333333334,10327.1,249.368
2010-10,1780.4,15309.471,0.19,2308176.0,14025215.0,8.598894068748596,1996.6,,324.13,152.207460939239,181.749423910817,219.035,96.556,727.15,10386.4,249.618
2010-11,1828.4,15323.462,0.19,2300443.0,14106848.0,8.380803981623277,2128.42,,321.13,157.064601960867,188.430479797526,219.59,97.37866666666666,755.245,10433.6,250.317
2010-12,1836.7,15337.453,0.18,2347007.0,14188481.0,8.350548810366417,2162.83,,318.13,166.162039399656,200.596439773715,220.472,98.20133333333334,783.3399999999999,10471.0,250.986
2011-01,1846.3,15351.444,0.17,2436162.0,14270114.0,8.314707252342522,2254.23,,315.13,172.458767894064,208.932671985744,221.187,99.024,811.435,10514.3,251.555
2011-02,1870.1,15420.141,0.16,2469513.0,14294438.333333334,8.24562376343511,2324.95,,313.2866666666667,178.70444958861,216.000528575678,221.898,98.74733333333333,801.178,10540.6,251.829
2011-03,1896.5,15488.838,0.14,2545231.0,14318762.666666666,8.167064592670709,2315.26,,311.4433333333333,184.783151963602,233.841821904619,223.046,98.47066666666667,790.9209999999999,10619.7,252.145
2011-04,1897.0,15557.535,0.1,2648776.0,14343087.0,8.201125461254613,2342.92,,309.6,194.306033357694,250.730026968411,224.093,98.194,780.664,10652.1,252.221
2011-05,1941.6,15587.583666666667,0.09,2718848.0,14492171.333333334,8.028215732729022,2404.24,,310.37,186.867635951463,238.786784479992,224.806,98.542,789.4873333333334,10672.2,252.393
2011-06,1963.4,15617.632333333333,0.09,2788955.0,14641255.666666666,7.954381345285388,2322.48,,311.14000000000004,184.913285745087,236.265966676199,224.806,98.89,798.3106666666666,10694.8,252.592
2011-07,1996.0,15647.681,0.07,2870296.0,14790340.0,7.8395195390781565,2361.39,,311.91,187.88328347747,241.704074238477,225.395,99.238,807.134,10731.6,253.085
2011-08,2115.4,15712.543,0.1,2867363.0,14934540.0,7.427693580410324,2354.05,,312.38666666666666,183.210643311126,229.029431380039,226.106,98.56766666666667,813.0156666666667,10750.3,254.003
2011-09,2120.0,15777.405,0.08,2858789.0,15078740.0,7.442172169811321,2219.05,,312.86333333333334,180.653747319119,229.291360431155,226.597,97.89733333333334,818.8973333333333,10783.2,254.628
2011-10,2128.5,15842.267,0.07,2859823.0,15222940.0,7.442925534413907,2085.04,,313.34,174.898446897193,227.72318632522,226.75,97.227,824.779,10802.9,255.651
2011-11,2182.0,15917.786,0.08,2822149.0,15350799.333333334,7.295043996333639,2298.37,,312.24666666666667,176.807901196487,234.303517671319,227.169,97.855,875.0283333333333,10806.8,256.367
2011-12,2165.7,15993.305,0.07,2820774.0,15478658.666666666,7.384820150528698,2309.2,,311.1533333333333,173.390492144848,231.531830401329,227.223,98.483,925.2776666666667,10817.8,257.189
2012-01,2201.8,16068.824,0.08,2917845.0,15606518.0,7.298039785629939,2398.6899999999996,,310.06,176.456379874451,234.561993004392,227.842,99.111,975.527,10896.8,257.714
2012-02,2207.1,16114.926,0.1,2925040.0,15689357.666666666,7.301402745684382,2488.18,,309.59333333333336,181.918468947264,242.492106949393,228.329,99.13766666666668,1006.3773333333334,10987.2,258.184
2012-03,2227.8,16161.028,0.13,2884816.0,15772197.333333334,7.25425442140228,2643.54,,309.12666666666667,185.631243934266,251.477586578673,228.807,99.16433333333333,1037.2276666666667,10993.9,258.569
2012-04,2237.3,16207.13,0.14,2865568.0,15855037.0,7.244057569391677,2784.42,,308.66,182.596822240735,244.602440376174,229.187,99.191,1068.078,11018.5,258.922
2012-05,2256.2,16244.6,0.16,2864377.0,15925438.0,7.19998227107526,2726.92,,310.03000000000003,171.938519978354,226.811417850343,228.713,99.256,1035.6236666666666,11006.8,259.231
2012-06,2275.3,16282.07,0.16,2852083.0,15995839.0,7.1560101964576095,2458.83,,311.4,160.920296994703,203.84606219857,228.524,99.321,1003.1693333333334,10989.8,259.407
2012-07,2315.0,16319.54,0.16,2865961.0,16066240.0,7.049477321814255,2625.03,,312.77,166.486246140197,213.550184112094,228.59,99.386,970.715,11016.8,260.107
2012-08,2354.1,16353.155333333334,0.13,2851183.0,16188403.333333334,6.946669781799131,2635.13,,313.58666666666664,171.376777462595,227.100652030527,229.918,100.37466666666667,1073.1296666666667,11056.0,260.677
2012-09,2386.6,16386.770666666667,0.14,2822283.0,16310566.666666666,6.8661571552278,2714.705,,314.40333333333336,173.022479627727,228.604174161606,231.015,101.36333333333333,1175.5443333333333,11105.3,261.421
2012-10,2420.1,16420.386,0.16,2808621.0,16432730.0,6.785003099045493,2794.28,,315.22,171.236194405048,223.582281780183,231.638,102.352,1277.959,11137.4,262.707
2012-11,2441.2,16489.940666666665,0.16,2830791.0,16545613.666666666,6.754850346823966,2687.52,,315.74333333333334,169.079559418959,220.239028555248,231.249,101.67733333333334,1091.1823333333334,11178.4,263.365
2012-12,2460.7,16559.495333333332,0.16,2859807.0,16658497.333333334,6.729587244821934,2671.84,,316.2666666666667,169.963509713296,220.583781936685,231.221,101.00266666666667,904.4056666666668,11181.2,264.098
2013-01,2475.5,16629.05,0.14,2917189.0,16771381.0,6.71745101999596,2717.9,,316.79,174.027821529619,226.609992657721,231.679,100.328,717.629,11245.8,264.7
2013-02,2470.6,16652.550333333333,0.15,3014975.0,16760360.666666666,6.74028589546399,2763.96,,318.40333333333336,175.50395775166,230.718606428011,232.937,100.68366666666667,742.5753333333333,11282.1,265.256
2013-03,2477.5,16676.050666666666,0.14,3108805.0,16749340.333333334,6.730999260006727,2747.75,,320.01666666666665,171.203032018493,224.634418455802,232.282,101.03933333333333,767.5216666666666,11268.9,265.821
2013-04,2507.1,16699.551,0.15,3215432.0,16738320.0,6.660903434246739,2797.07,,321.63,167.819250104005,219.154640961809,231.797,101.395,792.468,11259.3,265.984
2013-05,2527.9,16770.056666666667,0.11,3317194.0,16738273.333333334,6.633987367643762,2873.35,,323.18,166.74340866391,218.779877661479,231.893,101.14666666666666,795.8496666666666,11295.1,266.559
2013-06,2528.3,16840.56233333333,0.09,3400183.0,16738226.666666666,6.660824401112736,2990.79,,324.72999999999996,164.0598227828,218.338094747412,232.445,100.89833333333334,799.2313333333334,11318.5,266.905
2013-07,2544.5,16911.068,0.09,3492742.0,16738180.0,6.6461261544507755,2927.35,,326.28,165.994366693682,225.475015758846,232.9,100.65,802.613,11346.8,267.482
2013-08,2555.9,16985.083333333332,0.08,3585359.0,16877493.0,6.645441266611891,3126.3,,327.15,168.5851083046,230.587951532211,233.456,100.65100000000001,785.498,11376.9,268.505
2013-09,2584.8,17059.09866666667,0.08,3654182.0,17016806.0,6.599775095429692,3189.675,,328.02,167.962245671055,232.537593803913,233.544,100.652,768.383,11413.9,269.137
2013-10,2623.6,17133.114,0.09,3747387.0,17156119.0,6.530383442597958,3253.05,,328.89,165.397114175621,227.898978145242,233.669,100.653,751.268,11465.2,269.96
2013-11,2634.6,17136.836333333333,0.08,3851623.0,17304488.333333332,6.504530605531516,3379.76,,329.8,163.565587954207,223.872487853245,234.1,101.65733333333334,787.6463333333334,11531.3,270.698
2013-12,2664.3,17140.558666666668,0.09,3932627.0,17452857.666666668,6.4334191595040595,3481.15,,330.71,167.17527927191,231.95105343407,234.719,102.66166666666666,824.0246666666667,11558.6,271.688
2014-01,2698.9,17144.281,0.07,4023640.0,17601227.0,6.352321686613064,3460.825,,331.62,165.526537724477,227.618249803187,235.288,103.666,860.403,11543.7,272.317
2014-02,2724.7,17250.421666666665,0.07,4109285.0,17611686.666666668,6.331126974223462,3440.5,,333.76,169.350272659741,233.574505017621,235.547,103.19166666666666,881.5366666666666,11615.4,272.733
2014-03,2751.4,17356.562333333335,0.08,4171762.0,17622146.333333332,6.308265731385235,3668.37,,335.90000000000003,168.62977360677,227.200770414853,236.028,102.71733333333333,902.6703333333334,11695.2,273.486
2014-04,2773.2,17462.703,0.09,4236441.0,17632606.0,6.296950454348767,3658.4,,338.04,170.105532955183,229.025754826052,236.468,102.243,923.804,11737.4,274.1
2014-05,2791.3,17556.211,0.09,4303143.0,17696427.666666668,6.2896180990936115,3594.36,,339.67333333333335,168.070779566853,229.448481461139,236.918,102.16566666666667,932.774,11778.6,274.71
2014-06,2827.1,17649.719,0.1,4330917.0,17760249.333333332,6.243047292278307,3732.96,,341.3066666666667,168.351310351098,233.603396624537,237.231,102.08833333333332,941.744,11838.0,275.321
2014-07,2843.0,17743.227,0.09,4377031.0,17824071.0,6.241022511431586,3894.33,,342.94,164.797642103171,225.162905183716,237.498,102.011,950.714,11879.2,276.248
2014-08,2804.2,17779.664666666667,0.09,4410111.0,17929862.0,6.340369683569884,3879.67,,343.86333333333334,159.253727420342,216.431550059979,237.46,102.554,963.3896666666667,11958.8,277.048
2014-09,2865.2,17816.102333333332,0.09,4415587.0,18035653.0,6.21810077248825,3932.205,,344.78666666666663,154.167918007637,209.128667563681,237.477,103.097,976.0653333333333,11964.9,277.998
2014-10,2870.7,17852.54,0.09,4450260.0,18141444.0,6.218880412442959,3984.74,,345.71,145.765382671243,191.532205264236,237.43,103.64,988.741,12035.5,278.985
2014-11,2888.8,17898.809333333335,0.09,4486585.0,18144981.333333332,6.195932336379581,4169.28,,346.9833333333333,139.118864477708,177.382124804231,236.983,103.80233333333334,1017.4643333333333,12058.4,280.123
2014-12,2940.9,17945.078666666668,0.12,4486190.0,18148518.666666668,6.101900325297245,4287.81,,348.25666666666666,125.92723660929,147.739732100836,236.252,103.96466666666666,1046.1876666666667,12067.6,280.874
2015-01,2941.3,17991.348,0.11,4499524.0,18152056.0,6.116801414340598,4238.200000000001,,349.53,113.974758439255,122.036323802349,234.747,104.127,1074.911,12036.5,281.572
2015-02,3005.4,18058.801,0.11,4500348.0,18152036.666666668,6.008784521195182,4188.59,,351.4233333333333,117.198881925442,133.647404465726,235.342,104.31066666666666,1059.1670000000001,12083.1,282.389
2015-03,2998.4,18126.254,0.11,4487583.0,18152017.333333332,6.045308831376734,4483.05,,353.31666666666666,113.248246566578,128.307725292163,235.976,104.49433333333333,1043.423,12132.2,283.13
2015-04,2999.2,18193.707,0.12,4481799.0,18151998.0,6.066186649773273,4311.26,,355.21,114.580373947608,130.528800262361,236.222,104.678,1027.679,12170.3,283.598
2015-05,2981.9,18231.458,0.12,4472703.0,18151538.0,6.114040712297528,4479.06,,356.89,118.119367498046,137.483493678026,237.001,104.81433333333334,1021.7560000000001,12233.6,284.245
2015-06,3020.9,18269.209,0.13,4465360.0,18151078.0,6.047604687344831,4521.85,,358.57,115.742643374841,134.156901538063,237.657,104.95066666666666,1015.833,12270.3,285.031
2015-07,3040.9,18306.96,0.13,4479130.0,18150618.0,6.020244006708539,4429.23,,360.25,109.327539142244,122.938901012481,238.034,105.087,1009.91,12327.5,286.09
2015-08,3029.0,18315.333,0.14,4486329.0,18407805.0,6.046659953780125,4580.46,,361.22333333333336,102.354659760561,109.227291781617,238.033,105.21000000000001,1015.5973333333333,12359.3,287.068
2015-09,3047.0,18323.706000000002,0.14,4475886.0,18664992.0,6.013687561535938,4142.63,,362.19666666666666,101.881826679377,109.025265965182,237.498,105.333,1021.2846666666667,12356.4,288.306
2015-10,3018.8,18332.079,0.12,4486185.0,18922179.0,6.07263780310057,4192.96,,363.17,102.040725243686,108.899219049416,237.733,105.456,1026.972,12362.3,289.428
2015-11,3082.3,18363.15466666667,0.12,4489702.0,19036432.333333332,5.95761433561518,4703.92,,364.2866666666667,96.0093230576381,101.266141873884,238.017,105.36733333333333,1033.372,12397.5,290.322
2015-12,3095.8,18394.230333333333,0.24,4478069.0,19150685.666666668,5.941672696341279,4716.16,,365.4033333333333,90.5728796066738,90.2679848842885,237.761,105.27866666666667,1039.772,12432.8,291.204
2016-01,3096.9,18425.306,0.34,4486606.0,19264939.0,5.949596693467662,4501.360000000001,,366.52,85.2731849371398,77.6354685322573,237.652,105.19,1046.172,12452.1,292.004
2016-02,3128.8,18487.409666666666,0.38,4483495.0,19303823.0,5.908786009545725,4286.56,,368.81,87.0150888635958,77.7887428262812,237.336,105.31333333333333,1020.6596666666667,12526.3,292.777
2016-03,3154.0,18549.513333333332,0.36,4478485.0,19342707.0,5.881266117099979,4333.61,,371.09999999999997,93.5966567628088,87.6656184920498,238.08,105.43666666666667,995.1473333333333,12506.8,293.489
2016-04,3198.5,18611.617,0.37,4484069.0,19381591.0,5.8188579021416285,4532.08,,373.39,96.9279430586823,92.5437288917509,238.992,105.56,969.635,12586.0,294.175
2016-05,3237.6,18666.231,0.37,4477270.0,19445542.333333332,5.765453113417347,4381.3,,375.6033333333333,100.832288233466,101.483666634806,239.557,105.56766666666667,966.8293333333334,12624.4,295.036
2016-06,3246.1,18720.844999999998,0.38,4461393.0,19509493.666666668,5.767180616740087,4520.07,,377.81666666666666,103.515057896825,106.692990860292,240.222,105.57533333333333,964.0236666666666,12701.7,295.902
2016-07,3246.0,18775.459,0.39,4470605.0,19573445.0,5.784183302526186,4437.44,,380.03,102.794468094437,101.772659015326,240.101,105.583,961.218,12720.6,296.862
2016-08,3319.3,18839.653,0.4,4466793.0,19707905.666666668,5.6757909800259085,4756.04,,381.02,103.156242149091,103.376309915595,240.545,105.75933333333333,965.5853333333333,12749.8,297.916
2016-09,3327.7,18903.847,0.4,4459394.0,19842366.333333332,5.680754575232143,4783.94,,382.01,103.17943979476,104.633556078718,241.176,105.93566666666666,969.9526666666667,12806.8,298.962
2016-10,3333.4,18968.041,0.4,4459407.0,19976827.0,5.690298494030119,4866.62,,383.0,106.720403357688,115.260960292251,241.741,106.112,974.32,12828.1,300.4
2016-11,3355.0,19028.092,0.41,4453087.0,19933358.0,5.671562444113264,4766.94,,383.93666666666667,105.525639224854,108.444292816484,242.026,106.45033333333333,992.9953333333334,12853.6,301.587
2016-12,3340.9,19088.143,0.54,4448618.0,19889889.0,5.713473315573648,4734.1,,384.87333333333333,111.463587626653,122.702005644189,242.637,106.78866666666666,1011.6706666666666,12962.9,302.735
2017-01,3391.2,19148.194,0.65,4453101.0,19846420.0,5.646436069827789,4943.395,,385.81,115.704869800857,127.826696489188,243.618,107.127,1030.346,13020.4,303.467
2017-02,3402.7,19200.298,0.66,4453881.0,19845798.0,5.642665530314162,5152.69,,388.69,116.331460765317,125.617606834217,244.006,107.37433333333333,1058.2236666666668,13038.6,304.211
2017-03,3450.5,19252.402000000002,0.79,4458018.0,19845176.0,5.57959773945805,5390.99,,391.57,110.842228738389,115.772553832653,243.892,107.62166666666667,1086.1013333333333,13089.3,304.868
2017-04,3451.2,19304.506,0.9,4474634.0,19844554.0,5.593563398238294,5432.2,,394.45,111.112790999156,119.225759330065,244.193,107.869,1113.979,13114.1,305.477
2017-05,3516.1,19390.302666666666,0.91,4471246.0,19978002.666666668,5.51471876984917,5629.63,,396.47666666666663,108.927676016284,114.46223948284,244.004,107.97666666666666,1115.654,13117.6,306.379
2017-06,3524.9,19476.099333333335,1.04,4462443.0,20111451.333333332,5.525291308500478,5816.51,,398.50333333333333,105.675238726499,107.906362641047,244.163,108.08433333333333,1117.329,13170.3,307.314
2017-07,3548.6,19561.896,1.15,4467272.0,20244900.0,5.512567209603787,5596.96,,400.53,108.228429724116,111.27206475027,244.243,108.192,1119.004,13193.5,308.173
2017-08,3587.8,19672.847333333335,1.16,4466846.0,20327515.666666668,5.483261980415111,5895.17,,401.6433333333333,111.044240889913,117.624086183498,245.183,108.50933333333333,1089.9083333333333,13234.1,309.479
2017-09,3571.2,19783.798666666666,1.15,4453474.0,20410131.333333332,5.539818175029868,5987.9,,402.75666666666666,114.09346486128,125.572515892763,246.435,108.82666666666667,1060.8126666666667,13353.4,310.268
2017-10,3606.3,19894.75,1.15,4460422.0,20492747.0,5.516665280204087,5981.92,,403.87,115.562701096136,129.925088291476,246.626,109.144,1031.717,13383.4,311.501
2017-11,3631.0,19981.662,1.16,4455887.0,20691712.333333332,5.503074084274305,6248.65,,405.76666666666665,120.500268941428,140.765423018447,247.284,109.289,1053.5106666666668,13479.8,312.67
2017-12,3610.6,20068.574,1.3,4437148.0,20890677.666666668,5.558237965989033,6337.87,,407.66333333333336,121.992279700185,143.637979173419,247.805,109.434,1075.3043333333333,13609.0,313.904
2018-01,3656.2,20155.486,1.41,4443718.0,21089643.0,5.512686942727423,6619.6849999999995,8520.01,409.56,128.461669849086,152.812740382656,248.859,109.579,1097.098,13628.4,314.788
2018-02,3619.0,20260.389666666666,1.42,4420745.0,21124785.333333332,5.598339228147738,6901.5,8520.01,412.08,126.349051212069,147.221807973306,249.529,109.61266666666667,1106.1513333333332,13668.3,315.277
2018-03,3663.4,20365.293333333335,1.51,4396097.0,21159927.666666668,5.559123582828338,6750.54,10895.92,414.6,126.116602528028,147.282110157735,249.577,109.64633333333333,1115.2046666666668,13735.4,315.883
2018-04,3655.2,20470.197,1.69,4386104.0,21195070.0,5.600294648719633,6390.84,6816.01,417.12,128.083658939941,151.756233761497,250.227,109.68,1124.258,13792.1,316.763
2018-05,3650.8,20542.557333333334,1.7,4356129.0,21302066.0,5.626864614148497,6681.961,9072.29,418.81333333333333,132.836006812929,162.898254687632,250.792,109.909,1147.281,13860.2,317.49
2018-06,3652.2,20614.917666666664,1.82,4319191.0,21409062.0,5.64452047167917,7083.926,7514.32,420.50666666666666,131.646123912483,163.175141815922,251.018,110.138,1170.304,13900.2,318.318
2018-07,3677.5,20687.278,1.91,4289764.0,21516058.0,5.6253645139360975,7097.82,6349.5,422.2,129.840947702809,164.473377966392,251.214,110.367,1193.327,13952.3,319.351
2018-08,3693.2,20731.274999999998,1.91,4255653.0,21668737.333333332,5.613363749593848,7272.887,7603.99,422.68666666666667,127.500840494068,163.167846533993,251.663,110.55566666666667,1231.0563333333334,14001.1,320.651
2018-09,3701.8,20775.272,1.95,4208496.0,21821416.666666668,5.612208114971095,7459.17,7191.08,423.17333333333335,131.720310839944,172.605783575972,252.182,110.74433333333334,1268.7856666666667,14013.0,321.533
2018-10,3728.2,20819.269,2.19,4174704.0,21974096.0,5.584268279598734,7645.453,6572.83,423.66,132.817541291737,172.287544875428,252.772,110.933,1306.515,14096.5,322.628
2018-11,3705.6,20883.874333333333,2.2,4141936.0,21992024.0,5.635760560592977,7069.172,6344.0,425.2366666666667,121.454747024837,148.043063047674,252.594,111.47733333333333,1372.7706666666668,14160.6,323.968
2018-12,3763.4,20948.479666666666,2.27,4086044.0,22009952.0,5.56637074631096,7062.133,4142.01,426.81333333333333,115.900162011294,132.6931816386,252.767,112.02166666666668,1439.0263333333332,14051.7,324.815
2019-01,3754.8,21013.085,2.4,4058378.0,22027880.0,5.596326036007244,6968.8265,3826.1,428.39,117.018940738945,132.837897195512,252.718,112.566,1505.282,14090.0,325.597
2019-02,3762.9,21099.539333333334,2.4,4026350.0,22026347.666666668,5.607254865484954,6875.52,3437.5,430.7633333333333,118.744238482665,135.187803319121,253.322,112.364,1473.7076666666667,14113.9,326.351
2019-03,3733.6,21185.993666666665,2.41,3969134.0,22024815.333333332,5.67441441682737,7151.57,3806.17,433.13666666666666,119.364307743277,137.135341779574,254.202,112.16199999999999,1442.1333333333332,14233.8,327.513
2019-04,3775.0,21272.448,2.42,3935509.0,22023283.0,5.635085562913908,7478.414,4137.0,435.51,122.77998094573,142.678897730099,255.211,111.96,1410.559,14272.6,328.678
2019-05,3783.2,21358.911666666667,2.39,3889691.0,22255322.666666668,5.645726281102418,7751.848,5321.15,437.3566666666667,119.639814357328,137.663088499814,255.29,111.78933333333333,1414.3046666666667,14322.1,329.333
2019-06,3824.4,21445.375333333333,2.38,3847645.0,22487362.333333332,5.607513684063731,6978.016,8558.01,439.2033333333333,114.86701571619,122.075818909474,255.159,111.61866666666666,1418.0503333333334,14376.6,330.648
2019-07,3856.8,21531.839,2.4,3813198.0,22719402.0,5.582824880730139,7768.137,10570.62,441.05,117.375106218246,125.732460316235,255.685,111.448,1421.796,14448.3,331.605
2019-08,3858.9,21590.07,2.13,3781543.0,22880061.333333332,5.594876778356526,7801.145,10417.24,442.36333333333334,112.040003428534,117.138291954721,256.059,111.81766666666667,1430.8236666666667,14487.0,332.638
2019-09,3900.0,21648.301,2.04,3761508.0,23040720.666666668,5.55084641025641,7742.643,9769.64,443.6766666666667,114.073675334073,122.437301774977,256.511,112.18733333333333,1439.8513333333333,14511.2,333.834
2019-10,3935.3,21706.532,1.83,3945831.0,23201380.0,5.515851904556196,7684.141,8323.43,444.99,112.652198070281,119.797167150738,257.244,112.557,1448.879,14554.2,334.68
2019-11,3955.3,21650.36533333333,1.55,4039443.0,23208857.666666668,5.473760608129176,8161.168,9268.0,446.7033333333333,116.427399713612,127.631461684005,257.803,113.57533333333333,1566.3133333333333,14613.8,335.819
2019-12,4007.1,21594.198666666667,1.55,4065696.0,23216335.333333332,5.388984219676741,8309.262,7413.84,448.4166666666667,119.29872697487,131.104220041825,258.616,114.59366666666666,1683.7476666666666,14689.2,336.789
2020-01,3993.6,21538.032,1.55,4173626.0,23223813.0,5.393137019230769,8717.746,7174.32,450.13,118.811698214241,126.142073238145,259.037,115.612,1801.182,14728.8,337.825
2020-02,4002.9,20904.265,1.58,4166707.0,24308289.0,5.222280096929726,9126.23,9375.06,451.62,110.137603592061,109.289359074945,259.248,116.237,2818.164333333333,14785.7,338.616
2020-03,4261.9,20270.498,0.65,4241507.0,25392765.0,4.75621154883972,8877.977,8490.3,453.11,93.1705055905076,72.9941675035191,258.124,116.862,3835.1466666666665,13806.0,339.519
2020-04,4779.8,19636.731,0.05,5811607.0,26477241.0,4.108274614000585,7486.285,6719.39,454.6,85.0490316170515,55.8905124412157,256.092,117.487,4852.129,12082.4,340.135
2020-05,16232.9,20211.963333333333,0.05,6721420.0,26633291.0,1.2451233811169498,8718.18,8813.9,457.2366666666667,91.7174653391091,68.0114992942952,255.868,116.26533333333333,4209.385333333334,13129.4,340.811
2020-06,16563.5,20787.195666666667,0.08,7165217.0,26789341.0,1.2550001911834254,9598.887,10212.38,459.87333333333333,99.8921663876564,82.3975635948022,256.986,115.04366666666667,3566.6416666666664,13937.5,341.294
2020-07,16763.8,21362.428,0.09,7009040.0,26945391.0,1.2743189491642706,10279.246,9239.09,462.51,102.887179091693,86.4165473565575,258.278,113.822,2923.898,14230.1,341.95
2020-08,16896.7,21476.520666666667,0.1,6945237.0,27212860.0,1.2710482322978254,11055.078,11805.82,465.9033333333333,108.679955303339,93.2271857476264,259.411,115.075,2746.6473333333333,14352.8,342.444
2020-09,17161.5,21590.61333333333,0.09,7017492.0,27480329.0,1.258084277792345,12292.863,11911.74,469.2966666666667,108.316139767123,91.2975553598975,260.029,116.328,2569.396666666667,14583.3,342.91
2020-10,17365.3,21704.706,0.09,7074649.0,27747798.0,1.2498894922633066,11583.203,10598.64,472.69,111.1977438395,95.4028571823368,260.286,117.581,2392.146,14626.1,343.615
2020-11,17626.7,21907.753999999997,0.09,7157479.0,27876055.333333332,1.2428732547782624,11084.758,13784.52,476.4766666666667,115.064257828697,100.89541152644,260.813,117.16066666666667,2924.34,14561.0,344.039
2020-12,17834.4,22110.802,0.09,7222414.0,28004312.666666668,1.2397839007760283,12455.33,18763.35,480.2633333333333,125.071304430424,118.493979515052,262.035,116.74033333333333,3456.534,14571.1,344.455
2021-01,18106.8,22313.85,0.09,7334809.0,28132570.0,1.232346411292995,12852.115,29391.09,484.05,136.730518797096,138.446272490708,262.65,116.32,3988.728,14932.2,344.758
2021-02,18367.2,22558.211333333333,0.08,7410598.0,28264858.666666668,1.2281791091365768,13248.9,33457.6,493.0366666666667,137.808975950498,137.664908345644,263.638,116.75133333333333,3318.6776666666665,14843.2,345.242
2021-03,18641.3,22802.572666666667,0.07,7557524.0,28397147.333333332,1.223228673250614,13282.95,49652.19,502.0233333333333,140.863730997543,142.136548338262,264.914,117.18266666666666,2648.6273333333334,15619.1,345.717
2021-04,18927.5,23046.934,0.07,7708882.0,28529436.0,1.2176427948751816,13329.51,58768.84,511.01,145.07003950811,143.193714211993,266.67,117.614,1978.577,15712.6,346.267
2021-05,19259.5,23214.762666666666,0.06,7810486.0,28495930.333333332,1.2053668406068,13799.72,57868.94,520.5,154.791655112804,154.557474298451,268.444,118.49733333333333,1875.4086666666667,15767.9,347.016
2021-06,19319.5,23382.591333333334,0.08,7935703.0,28462424.666666668,1.2103103772526895,13654.59,36764.58,529.99,160.343323964529,170.895141089492,270.559,119.38066666666667,1772.2403333333332,15960.1,347.833
2021-07,19492.0,23550.42,0.1,8097773.0,28428919.0,1.2082095218551199,14560.05,33538.49,539.48,164.61883911581,181.349916097512,271.764,120.264,1669.072,16027.9,348.469
2021-08,19728.7,23816.653666666665,0.09,8235073.0,28825017.666666668,1.2072084661770246,14963.62,39816.76,545.69,162.987735857993,183.806514750323,272.87,120.622,1558.4103333333333,16146.0,349.71
2021-09,19872.5,24082.887333333332,0.08,8349173.0,29221116.333333332,1.211870038159936,15611.57,48889.19,551.9,171.241055307074,212.879064204438,274.028,120.97999999999999,1447.7486666666666,16268.0,351.255
2021-10,20063.4,24349.121,0.08,8464032.0,29617215.0,1.2136089097560732,14791.87,48145.34,558.11,191.012919415505,256.460754221011,276.522,121.338,1337.087,16473.7,352.892
2021-11,20279.7,24479.574,0.08,8574871.0,29878463.333333332,1.207097442269856,15905.28,60950.0,564.9733333333334,182.504525758145,235.683331646882,278.711,122.17433333333332,1153.025,16557.9,354.526
2021-12,20430.5,24610.027,0.08,8650402.0,30139711.666666668,1.2045729179413132,15877.72,57228.47,571.8366666666667,186.093871623357,239.991032497251,280.887,123.01066666666667,968.963,16522.4,355.931
2022-01,20585.5,24740.48,0.08,8765721.0,30400960.0,1.2018401301887252,16501.77,47748.83,578.7,191.638048903216,241.377378261931,282.599,123.847,784.901,16725.6,357.737
2022-02,20661.0,24909.811999999998,0.08,8873211.0,30456834.0,1.205644063694884,15019.68,38745.11,591.9233333333334,203.000167921838,260.048362621765,284.61,124.51766666666666,720.3153333333333,16844.5,359.627
2022-03,20699.1,25079.144,0.2,8904455.0,30512708.0,1.2116055287427956,14005.99,44412.2,605.1466666666666,238.864314245343,331.78375933108,287.472,125.18833333333333,655.7296666666666,17054.2,361.083
2022-04,20617.6,25248.476,0.33,8937592.0,30568582.0,1.2246079078069223,14861.21,46222.43,618.37,227.093351794094,300.53317790586,288.611,125.859,591.144,17115.6,362.951
2022-05,20627.6,25406.964333333333,0.77,8939972.0,30688692.0,1.2316975476222796,13075.85,38496.42,621.8733333333333,225.235192786639,306.674979216909,291.268,126.06466666666667,563.3136666666667,17231.1,365.116
2022-06,20556.5,25565.452666666664,1.21,8915050.0,30808802.0,1.2436675828407884,12548.36,29779.16,625.3766666666667,230.672107311417,328.123480404175,294.728,126.27033333333333,535.4833333333333,17437.4,367.927
2022-07,20532.6,25723.941,1.68,8891851.0,30928912.0,1.2528340784898162,11585.68,19270.3,628.88,228.657430940237,343.809997418561,294.628,126.476,507.653,17420.3,370.448
2022-08,20472.4,25860.11333333333,2.33,8874620.0,30928912.0,1.2631696006981756,12940.78,23250.19,628.88,241.342146350829,376.412082569145,295.32,126.58833333333334,522.7213333333333,17550.9,373.283
2022-09,20283.4,25996.285666666667,2.56,8822401.0,30928912.0,1.2816532566860914,12274.62,20112.51,628.88,219.702440815449,330.149585913898,296.539,126.70066666666666,537.7896666666667,17656.8,376.569
2022-10,20100.3,26132.458,3.08,8759053.0,30928912.0,1.3001028840365567,11229.73,19308.76,628.88,191.042783461281,259.858676189934,297.987,126.813,552.858,17797.9,379.436
2022-11,19935.8,26132.458,3.78,8676870.0,30928912.0,1.31083066643927,11288.95,20479.49,628.88,191.066198055729,256.859738716857,298.598,126.813,552.858,17778.8,382.562
2022-12,19685.8,26132.458,4.1,8582735.0,30928912.0,1.3274775726665922,12041.89,16980.55,628.88,193.86390554883,258.501791014275,298.99,126.813,552.858,17737.2,385.649
